id,city,country,region,latitude,longitude,budget_level,culture,adventure,nature,beaches,nightlife,cuisine,wellness,urban,seclusion,duration_score,climate_score
c54acf38-3029-496b-8c7a-8343ad82785c,Milan,Italy,europe,45.4641943,9.1896346,Luxury,5,2,2,1,4,5,3,5,2,25,-9.166666667
0bd12654-ed64-424e-a044-7bc574bcf078,Yasawa Islands,Fiji,oceania,-17.2909471,177.1257858,Luxury,2,4,5,5,2,3,4,1,5,24,-3.975
73036cda-9134-46fc-a2c6-807782d59dfb,Whistler,Canada,north_america,50.1171903,-122.9543022,Luxury,3,5,5,2,3,3,4,2,4,35,-16.19166667
3872c9c0-6b6e-49e1-9743-f46bfe591b86,Guanajuato,Mexico,north_america,20.9876996,-101,Mid-range,5,3,3,1,3,4,3,4,2,35,-3.533333333
e1ebc1b6-8798-422d-847a-22016faff3fd,Surabaya,Indonesia,asia,-7.2459717,112.7378266,Budget,4,3,3,2,3,4,3,4,2,24,-5.758333333
26bd92cc-1bd7-46bc-a132-9c227115194a,Nuuk,Greenland,north_america,64.1766835,-51.7359356,Luxury,3,4,5,2,2,3,2,2,5,25,-23.56666667
20f80ed8-ce7f-43ad-a34d-a0cb156f5d4e,Windhoek,Namibia,africa,-22.53356015,17.04547753,Mid-range,3,4,4,1,3,3,3,3,4,35,-3.05
0dae5759-947a-40c9-aaea-e2e647f1061e,Kingston,Jamaica,north_america,17.9712148,-76.7928128,Mid-range,4,3,3,3,4,4,3,3,2,25,-5.4
4e2d3678-bbb3-428e-a1df-0ba956ef3c77,Nafplio,Greece,europe,37.5659229,22.8068782,Mid-range,4,3,4,3,3,4,3,3,4,35,-7.666666667
b78d096a-87d0-4010-baac-e4879cab6aa9,Tbilisi,Georgia,asia,41.6934591,44.8014495,Budget,4,3,3,1,3,4,3,3,3,35,-9.575
d5bca023-e7ef-45a6-bbf3-f27313ce544d,Heidelberg,Germany,europe,49.4093582,8.694724,Mid-range,5,2,4,1,3,4,3,3,4,24,-11.18333333
a881b470-86d0-4ce0-913b-1d453f68466e,Hobart,Australia,oceania,-42.8825088,147.3281233,Mid-range,4,3,5,3,2,4,3,3,4,35,-10.75833333
6234202f-ff97-4d9b-955f-92bccb61c317,Nagasaki,Japan,asia,33.1154683,129.7874339,Mid-range,4,2,3,2,3,4,3,3,3,24,-7.266666667
4dd122b5-7ab0-48b0-999b-dd08231fd517,Utrecht,Netherlands,europe,52.0907006,5.1215634,Mid-range,4,2,3,1,4,4,3,4,3,24,-11.825
9a90f31c-7073-4cdd-a6d1-6a6a1cbb4e8f,Bagan,Myanmar,asia,21.1317111,94.8623644,Budget,5,3,4,1,1,3,2,2,4,25,-3.941666667
46cdc57e-d4d6-49a4-819a-5b8161bbdb3e,Malmö,Sweden,europe,55.6052931,13.0001566,Mid-range,4,3,3,3,3,4,3,4,2,24,-13.075
5aab6f8f-70db-41a8-a1fb-e8d9026e533b,Amsterdam,Netherlands,europe,52.3730796,4.8924534,Mid-range,5,3,3,2,5,4,3,5,2,35,-11.60833333
8755d625-7efa-4e92-aed9-cb2386083a44,New York,United States,north_america,40.7127281,-74.0060152,Luxury,5,3,3,2,5,5,3,5,1,37,-10.11666667
79a47311-1ffb-44d1-bd87-a1a9fb190f40,Chicago,United States,north_america,41.8755616,-87.6244212,Luxury,5,3,3,2,5,5,3,5,2,25,-11.66666667
630b0ecb-8651-476e-803d-b65f99f342a3,Raleigh,United States,north_america,35.7803977,-78.6390989,Mid-range,4,3,4,2,3,4,3,4,3,24,-7.733333333
0d1ac2c5-e3d5-40b5-ad56-01f3d67710ab,Trondheim,Norway,europe,63.4304475,10.3952118,Luxury,4,3,4,2,3,3,3,3,4,35,-16.55
955899e4-7ccb-4b6a-a85c-a9b73efe6876,Bruges,Belgium,europe,51.2085526,3.226772,Mid-range,5,2,3,1,3,4,3,3,4,24,-11.48333333
57239ab4-5376-4b81-a35e-fc8a27fb5812,Reykjavik,Iceland,europe,64.145981,-21.9422367,Luxury,3,4,5,2,3,3,4,3,4,35,-17.7
6d8f232e-d34d-4dac-95c4-e01d7983124c,Seoul,South Korea,asia,37.5666791,126.9782914,Mid-range,5,3,3,2,5,5,4,5,2,25,-10.76666667
86f34228-6edb-4171-ba62-79fffa9e06f6,Ankara,Turkey,asia,39.9207759,32.8540497,Mid-range,4,2,3,1,3,4,3,4,2,25,-10.13333333
fa445d6d-7fb4-4832-ba37-08ff468a1430,Kyoto,Japan,asia,35.0115754,135.7681441,Luxury,5,2,4,1,2,5,3,3,4,25,-8.416666667
1fd503e7-d209-40c1-abd0-299af9c7d4de,Tampa,United States,north_america,27.9477595,-82.458444,Mid-range,3,3,4,4,4,4,3,3,2,35,-3.683333333
39e15d15-ec4c-4ba9-9cd5-6775945aad8f,Dublin,Ireland,europe,53.3493795,-6.2605593,Mid-range,4,2,3,2,4,4,3,4,2,35,-13.00833333
c0cc2c39-9e57-4edd-8696-2119a96ca6cb,Washington,United States,north_america,38.8950368,-77.0365427,Mid-range,5,2,3,1,4,4,3,5,2,35,-8.991666667
dd54b0e6-43e7-4be6-9eb4-5e4863f25f52,Livingstone,Zambia,africa,-17.853135,25.861429,Mid-range,3,5,5,2,2,3,3,2,4,35,-2.866666667
09323a57-0f0c-4190-9ce5-e689efe6137d,Kraków,Poland,europe,50.0619474,19.9368564,Mid-range,5,2,3,1,4,4,3,4,2,35,-13.11666667
87177e3c-1535-45af-a1e7-e65357f2c0d3,Petra,Jordan,middle_east,30.3258363,35.4745669,Mid-range,5,4,4,1,1,3,2,1,4,25,-6.441666667
50dc5be0-a23e-4da3-aecc-f5f095c26bdb,Athens,Greece,europe,37.9755648,23.7348324,Mid-range,5,3,3,3,4,5,3,4,2,35,-6.6
769e57b7-a2fe-4eb9-8d39-4c7a0b940c02,Malé,Maldives,asia,4.1779879,73.5107387,Mid-range,2,3,5,5,2,3,4,3,3,24,-6.158333333
163cf783-592c-448f-b33c-f28ac7cce617,Austin,United States,north_america,30.2711286,-97.7436995,Mid-range,4,3,3,1,5,5,3,4,2,35,-6.116666667
e3597f71-7e84-47f9-b3f2-567398c8fcdd,Pago Pago,American Samoa,oceania,-14.2754786,-170.7048298,Mid-range,3,4,5,4,2,3,3,2,4,25,-4.808333333
e8ad2770-6863-4e5c-a993-04884328802e,Luanda,Angola,africa,-8.8272699,13.2439512,Mid-range,3,3,3,3,3,4,2,3,2,25,-2.933333333
ae842628-e555-44fe-881f-93ac5378c589,New Orleans,United States,north_america,29.9759983,-90.0782127,Mid-range,5,3,2,2,5,5,3,4,2,35,-5.083333333
4574d558-f5fa-4e6e-bead-e21b8cf0edcc,Raja Ampat,Indonesia,asia,-0.7125553,130.3034473,Luxury,2,4,5,5,1,3,3,1,5,24,-4.225
fa34b503-34f8-42a2-b918-a96c507e1378,Hamilton Island,Australia,oceania,-20.3546262,148.9560518,Luxury,2,4,5,5,3,4,4,2,4,25,-2.75
677fa6ef-b91a-4438-a73d-d497fc7cf2d8,Melbourne,Australia,oceania,-37.8142454,144.9631732,Mid-range,5,3,3,3,4,5,4,5,2,35,-8.133333333
32ad5264-2d93-468d-84a0-f816c4833366,Puebla,Mexico,north_america,18.833333,-98,Mid-range,5,3,3,1,3,5,3,4,2,35,-5.333333333
1a3cc3d3-d65f-481f-acc0-424bd9c3210e,Richmond,United States,north_america,37.5385087,-77.43428,Mid-range,4,3,3,2,3,4,3,3,3,35,-8.591666667
5324f69c-3393-469d-b375-8f6e92fa085a,Bridgetown,Barbados,north_america,13.0977832,-59.6184184,Mid-range,3,3,4,5,4,4,4,3,2,35,-4.325
fe145875-322b-408f-8ce9-f4d04baf00a7,Oaxaca City,Mexico,north_america,17.0604663,-96.7253575,Mid-range,5,3,3,1,3,5,3,3,3,35,-1.941666667
bf232406-1a85-47a5-9287-6ba81272a3f0,San Sebastián,Spain,europe,43.3224219,-1.9838889,Mid-range,4,3,3,5,4,5,3,3,2,35,-8.716666667
2216dc6e-cb6a-4107-b6ea-dceebd9a53eb,Sedona,United States,north_america,34.8688613,-111.7614394,Mid-range,3,4,5,1,2,3,5,2,4,24,-9.7
5a944377-dccf-4cc1-9234-de053e9cc1d2,Cotonou,Benin,africa,6.3676953,2.4252507,Budget,4,3,3,3,3,4,2,3,3,24,-4.908333333
9ea78120-75de-4bce-b095-fb0811a3294f,Sarajevo,Bosnia and Herzegovina,europe,43.8519774,18.3866868,Budget,4,3,3,1,3,4,3,3,3,35,-11.25
dfed6949-406d-4064-8c2e-5c794ded2e27,Tirana,Albania,europe,41.3281482,19.8184435,Budget,3,3,3,2,3,3,3,3,2,24,-7.758333333
8221d5a5-e813-4993-9bf6-c2bac26d0cb8,Rio de Janeiro,Brazil,south_america,-22.9110137,-43.2093727,Mid-range,4,4,5,5,5,4,3,4,2,25,-2.033333333
056161c2-b2c6-40f9-8546-bef688dd90e7,Curitiba,Brazil,south_america,-25.4295963,-49.2712724,Mid-range,4,3,4,1,3,4,3,4,3,35,-4.325
12ffe1e2-6387-46d6-8bbb-267855faf5f8,Phnom Penh,Cambodia,asia,11.5730391,104.857807,Budget,4,3,2,1,3,4,2,3,2,35,-6.05
807e0033-d4ff-4257-bcbc-60da406b8e4d,Fès,Morocco,africa,34.0346534,-5.0161926,Budget,5,2,2,1,2,4,3,3,3,25,-6.383333333
ab9a9d64-58c2-4cb0-a9ad-81ed9b17cd69,Toronto,Canada,north_america,43.6534817,-79.3839347,Mid-range,4,3,3,2,4,4,3,5,2,35,-12.99166667
749963fe-2962-4ffe-b78a-391afdd6a7bf,Lucca,Italy,europe,44.0177639,10.45443003,Mid-range,4,2,3,2,2,4,3,3,4,35,-18.30833333
ab8dc374-5acd-430f-b940-7885899ef8c5,Edmonton,Canada,north_america,53.5462055,-113.491241,Mid-range,4,3,4,1,3,3,3,3,2,35,-18.175
3c6506e6-c494-4622-aba3-2ba895530c7a,Barcelona,Spain,europe,41.3828939,2.1774322,Mid-range,5,3,3,4,5,5,3,5,2,25,-7.058333333
75c6f7c9-5c87-464a-9c28-c91ecd55da98,Banff,Canada,north_america,51.175076,-115.5720773,Luxury,3,5,5,1,2,3,4,2,4,37,-19.875
a4f86f85-430e-400a-bda5-315c7bdefd57,Maputo,Mozambique,africa,-25.966213,32.56745,Mid-range,3,3,4,4,3,4,3,3,2,35,-2.283333333
a010e07c-cf4b-4cf9-8b08-40df2094addd,Dar es Salaam,Tanzania,africa,-6.8160837,39.2803583,Budget,4,3,4,4,3,4,3,3,2,35,-3.591666667
61a3b6e3-f03f-42e4-b10d-80a3d1aec106,Hamilton,Bermuda,north_america,32.2942679,-64.7853167,Luxury,3,3,4,5,3,4,4,3,2,24,-3.2
5cf8ffe5-b559-43a9-a030-fcf73b09400b,Santiago de Chile,Chile,south_america,-33.4377756,-70.6504502,Mid-range,4,4,4,2,4,4,3,4,2,35,-7.7
273ff2d2-80b8-4886-81e4-1908a11e6f5a,Shanghai,China,asia,31.2312707,121.4700152,Mid-range,5,3,2,1,5,5,3,5,2,25,-7.808333333
459b1d00-2b6e-4158-afe5-e091350990fe,Kathmandu,Nepal,asia,27.708317,85.3205817,Budget,5,4,4,1,2,4,3,3,2,37,-4.791666667
60ac5495-4952-41a0-a2e8-d321d2f23a4d,Auckland,New Zealand,oceania,-36.852095,174.7631803,Mid-range,3,4,4,3,4,4,3,4,2,37,-7.283333333
77b02e0f-770c-4fa7-b0a5-7cde588b203d,Québec City,Canada,north_america,46.8137431,-71.2084061,Mid-range,5,3,4,2,3,4,3,3,3,35,-16.94166667
ca07286f-3b0c-4fd3-acae-444e7514def0,Bogotá,Colombia,south_america,4.6533816,-74.0836333,Mid-range,4,3,3,1,4,4,3,4,2,35,-8.85
db0dcdf1-2bea-470f-935f-2c98bd125592,Avarua,Cook Islands,oceania,-21.2074736,-159.7708145,Mid-range,3,3,4,5,2,3,4,2,4,25,-1.808333333
ae02cf5f-1483-4054-9122-186c5eb08664,Izmir,Turkey,asia,38.23166,27.02997,Mid-range,4,3,3,4,3,4,3,4,2,35,-7.808333333
ba4d54dd-0e8d-4039-aad9-1f246fdacadb,Skopje,North Macedonia,europe,41.9961816,21.4319213,Budget,4,3,3,1,3,3,2,3,3,24,-9.916666667
38c4cd22-ea4a-4ae1-961b-939933868829,Cartagena,Colombia,south_america,10.4265566,-75.5441671,Mid-range,5,3,3,4,4,4,3,4,2,35,-5.316666667
32c4ac7c-550f-417c-afcc-a1dc2b183e8f,Dubrovnik,Croatia,europe,42.6491029,18.0939501,Mid-range,5,3,4,4,3,4,3,3,2,35,-7.208333333
f139e95f-1d18-40b9-a7f0-f8d908c05e53,Bergen,Norway,europe,60.3943055,5.3259192,Luxury,4,4,5,2,3,3,3,3,4,35,-14.2
6a0bce48-86be-4f4c-9106-9308a936d565,Bocas del Toro,Panama,north_america,9.26847485,-81.99322425,Mid-range,3,4,5,5,3,3,3,2,4,35,-2.958333333
7c623237-bc71-4ba0-ae74-a64b0201eeba,Santo Domingo,Dominican Republic,north_america,18.4801972,-69.942111,Mid-range,4,3,3,4,4,4,3,4,2,35,-3.316666667
198847d2-1823-4b9d-98dc-c9b9d22eb768,Baños,Ecuador,south_america,-1.33191575,-78.26252854,Budget,3,5,5,1,3,3,4,2,4,24,-2.683333333
24446934-6d3a-4d1d-89e6-82c8337fd26c,Cairo,Egypt,africa,30.0443879,31.2357257,Budget,5,3,3,2,3,4,3,4,2,25,-4.975
1c516349-193b-4421-9959-ad6cefe95efd,Iquitos,Peru,south_america,-3.749365,-73.2444145,Budget,3,5,5,1,2,3,2,2,4,25,-3.15
2ebb8f10-653a-47d5-a403-f7a441bbc0a4,Charlotte,United States,north_america,35.2272086,-80.8430827,Mid-range,3,3,3,1,3,3,3,4,2,35,-7.466666667
caf79b01-70b6-450b-9601-66fdadb8df39,Marseille,France,europe,43.2961743,5.3699525,Mid-range,4,3,3,3,4,4,3,4,2,35,-7.716666667
a93b9a93-c474-483c-9d27-8bb1f8b0090c,Malabo,Equatorial Guinea,africa,3.741877,8.7740663,Mid-range,3,3,4,3,2,3,2,2,4,24,-3.908333333
c7d691ad-b361-404d-a6e4-ab4f7a4120c8,Mbabane,Eswatini,africa,-26.325745,31.144663,Budget,3,3,4,1,2,3,3,2,4,24,-2.166666667
ad6338c1-1ad3-4f1c-8c78-26d7c86078fd,Sofia,Bulgaria,europe,42.6977028,23.3217359,Budget,4,3,3,1,3,4,3,3,2,35,-11.41666667
6d6a0097-d1d4-40f0-b2ae-28d0c9ab9dfc,San Marino,San Marino,europe,43.9458623,12.458306,Mid-range,4,2,3,1,2,3,2,3,4,22,-8.675
45c083b3-fc34-4d42-b74a-cd9dffe4156a,Berlin,Germany,europe,52.510885,13.3989367,Mid-range,5,3,2,1,5,4,3,5,2,35,-11.95
9f3e50a0-752d-42f5-b129-72d7880beab7,Helsinki,Finland,europe,60.1674881,24.9427473,Mid-range,4,3,4,2,3,4,4,4,3,35,-15.625
8cc00822-8c1e-4446-ba89-0a35128ad69a,Warsaw,Poland,europe,52.2337172,21.07143224,Mid-range,4,2,3,1,4,4,3,4,2,35,-12.7
be181851-282e-409b-9626-1da82ed060f5,Verona,Italy,europe,45.4424977,10.98573769,Mid-range,5,2,3,1,3,4,3,4,3,24,-9.533333333
3a70dff6-b805-4e41-accf-480d43ed6ba7,Annecy,France,europe,45.8992348,6.1288847,Mid-range,4,4,5,3,3,4,3,3,4,24,-11.075
2f3a6926-553f-4d7a-acf8-5b17af6f2e93,Colombo,Sri Lanka,asia,6.9388614,79.8542005,Budget,4,3,3,3,3,4,3,4,2,35,-5.058333333
25b9fbd9-78cb-4b0c-a050-2488c9431275,Fraser Island,Australia,oceania,-25.24672,153.1468044,Mid-range,2,5,5,5,1,2,3,1,4,35,-2.966666667
8394f9fd-03fe-4dca-9e73-4598909d2450,Dakar,Senegal,africa,14.693425,-17.447938,Mid-range,4,3,3,4,3,4,3,3,2,25,-2.791666667
5f6b28e0-a6a1-4665-81ca-ebb074134424,Wadi Rum,Jordan,middle_east,29.5084443,35.3362154,Mid-range,3,5,5,1,1,3,3,1,5,25,-6.591666667
d7e45496-f17a-4187-a9a5-ce30958370bf,Munich,Germany,europe,48.1371079,11.5753822,Mid-range,5,3,3,1,4,4,3,5,2,35,-12.08333333
139d05b0-435f-42e5-850f-3aa57ac0fefb,Freiburg,Germany,europe,47.9960901,7.8494005,Mid-range,4,3,5,1,3,3,3,3,4,24,-12.20833333
155b4225-a616-4f5e-ad82-a692458165d1,Singapore,Singapore,asia,1.2899175,103.8519072,Luxury,4,3,3,3,4,5,4,5,2,25,-5.416666667
5ace1d13-c389-478b-927a-71d8f98a903d,Piran,Slovenia,europe,45.5284919,13.5684485,Mid-range,4,3,4,4,3,4,3,3,4,24,-8.508333333
771fda85-870b-4dcb-ad42-763aa6a6fbb0,Valletta,Malta,europe,35.8989979,14.5136607,Mid-range,5,2,3,3,3,4,3,3,2,24,-5.508333333
12720905-6c3e-4a3f-a805-6b30460843b6,Thessaloniki,Greece,europe,40.6403167,22.9352716,Mid-range,4,3,3,3,4,5,3,4,2,35,-7.983333333
283c7ec9-07c6-4f35-a986-495aea46ee15,Georgetown,Guyana,south_america,6.8137426,-58.1624465,Budget,4,4,5,2,3,3,3,3,4,24,-4.908333333
2756e007-9330-4d8c-8e7c-1cb2bfd5a1fe,Jeju Island,South Korea,asia,33.38034745,126.5482545,Mid-range,3,4,5,4,3,4,4,2,4,25,-8.016666667
df9d25a4-a439-4fe3-9b2a-1f1caba531b9,Valencia,Spain,europe,39.4697065,-0.3763353,Mid-range,4,3,4,4,4,5,3,4,3,35,-5.908333333
45ad5739-256e-4580-aead-6148dc11f958,Hoi An,Vietnam,asia,15.8795863,108.3319406,Budget,5,3,3,3,2,5,3,2,4,24,-3.983333333
333aa3ee-33b8-4db0-b7a4-6fe335b33f37,Kolkata,India,asia,22.5726459,88.3638953,Budget,5,2,3,1,3,5,3,4,2,35,-5
c7b3c669-a693-485a-96ec-6b1147b80d11,Budapest,Hungary,europe,47.48138955,19.14609413,Mid-range,5,3,3,1,5,4,5,4,2,35,-10.76666667
17468e16-e2af-4354-964d-a941191771d7,Yogyakarta,Indonesia,asia,-7.8011998,110.3646608,Budget,5,3,4,2,3,4,3,3,3,35,-4.85
8418d235-a78e-43fc-bdae-3f7c45ac67ca,Monaco,Monaco,europe,43.7323492,7.4276832,Luxury,4,2,3,3,5,4,3,5,2,22,-7.758333333
f3126fe6-bf7d-442c-951e-4c59aa34c417,Rome,Italy,europe,41.8933203,12.4829321,Mid-range,5,3,3,2,4,5,3,5,2,25,-7.616666667
54ee0cc1-402d-42fc-a453-e5a7d5089247,Stockholm,Sweden,europe,59.3251172,18.0710935,Luxury,4,3,4,2,4,4,3,5,3,35,-14.91666667
9226f6e6-02df-48b5-be28-c7d65ae84d5e,Taipei,Taiwan,asia,25.0375198,121.5636796,Mid-range,4,3,3,2,4,5,3,4,2,35,-4.316666667
a81ab0eb-12ab-4dd4-97c6-cc74e1c0cbaa,Tokyo,Japan,asia,35.6768601,139.7638947,Luxury,5,2,2,1,5,5,3,5,1,37,-7.95
46a4a4b9-6bf0-4461-9c58-f1961e60a1e9,Noumea,New Caledonia,oceania,-22.2745264,166.442419,Luxury,3,3,4,4,3,4,3,3,3,25,-1.991666667
3945728c-0c92-4d4f-aef2-000b2e1a657f,Palermo,Italy,europe,38.1112268,13.3524434,Mid-range,4,2,3,3,3,5,3,4,2,35,-5.541666667
33bfc52d-e48e-4738-be09-ddfa3cfb6603,Sicily,Italy,europe,37.587794,14.155048,Mid-range,5,3,4,4,3,5,3,3,3,37,-9.116666667
84861e0c-6b58-4b8f-a16e-ca371a9c01cd,Amman,Jordan,middle_east,31.9515694,35.9239625,Mid-range,4,3,3,1,3,4,3,4,2,35,-6.775
4a16fb5b-86c8-483f-a0a2-d4b5619efd0e,Nairobi,Kenya,africa,-1.30261485,36.82884202,Mid-range,4,4,5,1,3,3,3,4,2,35,-3.066666667
426c4735-6fab-4da6-9c81-6307beb32236,Panama City,Panama,north_america,8.9714493,-79.5341802,Mid-range,4,3,4,3,4,4,3,4,2,35,-4.075
900f7bad-dc7e-4017-a6a9-16e3211d110b,Nagoya,Japan,asia,35.1851045,136.8998438,Luxury,4,2,3,1,3,4,3,4,2,24,-8.475
03c5ff46-5be3-423a-a2e1-f0ede04ca279,Fukuoka,Japan,asia,33.6251241,130.6180016,Mid-range,4,3,3,3,4,5,3,4,2,35,-8.166666667
74275da0-d33c-4624-b50f-f3d254eaf9a8,Maseru,Lesotho,africa,-29.310054,27.478222,Budget,3,4,4,1,2,2,2,2,3,24,-9.008333333
59358844-732e-44cc-8fc8-fd7266474a8f,Mexico City,Mexico,north_america,19.3207722,-99.15146775,Mid-range,5,3,3,1,5,5,3,5,2,37,-5.966666667
ecfe7100-f347-4fc1-bae0-f7d38c9a82ac,Doha,Qatar,middle_east,25.2856329,51.5264162,Luxury,4,3,2,3,3,4,4,5,2,35,-7.416666667
5e646c11-3635-4227-94f1-9c1872ce3ee8,Astana,Kazakhstan,asia,51.1159933,71.46770587,Mid-range,3,2,2,1,3,3,3,4,2,35,-18.61666667
7a01b324-f2b0-4249-a575-16a5eaa65a33,Luang Prabang,Laos,asia,19.8887438,102.135898,Budget,5,3,4,1,2,4,4,2,5,24,-4.133333333
a5d58454-66d9-466a-870f-a490ad04b2fd,Oaxaca,Mexico,north_america,17,-96.5,Mid-range,5,3,4,2,3,5,3,3,3,35,-2.483333333
b4770bbe-7d7e-400d-9e43-c208fad6fdee,Kaunas,Lithuania,europe,54.8982139,23.9044817,Budget,4,2,3,1,3,3,3,3,3,24,-14.475
f33d7ecf-5952-4341-80cd-37c6d1b9b092,Podgorica,Montenegro,europe,42.4415238,19.2621081,Budget,3,3,4,2,3,3,3,3,3,24,-8.141666667
99b5a71f-eead-4050-a7a4-df5e16a42c0b,Kuching,Malaysia,asia,1.5597561,110.345397,Budget,4,3,4,2,3,4,3,3,4,24,-4.016666667
6eeed41e-07f1-4e44-85d3-a04a06bb3500,Port Louis,Mauritius,africa,-20.1624522,57.5028044,Mid-range,4,3,4,5,3,4,3,3,2,25,-1.958333333
5e2fff6d-15ae-4deb-80a8-6f18d730d9f8,Beira,Mozambique,africa,-19.828707,34.841782,Budget,3,3,3,3,2,3,2,2,3,24,-2.8
3ecbe7bd-d9a0-4690-9ab2-5e143f92fe64,Salalah,Oman,middle_east,17.0174945,54.1010923,Mid-range,3,3,5,4,2,3,3,2,4,25,-3.941666667
5af283b6-2a6b-4fb1-893d-953529dbad3b,Pretoria,South Africa,africa,-25.7459277,28.1879101,Mid-range,4,3,4,1,3,4,3,4,2,24,-3.808333333
cc659b5c-096d-4c4e-be39-a30676e948d9,Monterrey,Mexico,north_america,25.6802019,-100.315258,Mid-range,4,3,4,1,4,4,3,4,2,24,-4.516666667
976ddd49-62ec-4b58-8ef1-d079b2f6bcdf,Chisinau,Moldova,europe,47.0245117,28.8322923,Budget,3,2,3,1,3,3,2,3,3,24,-11.38333333
2ea04a64-c0d2-4cad-8923-b83c11109f4b,Oslo,Norway,europe,59.9133301,10.7389701,Luxury,4,3,4,2,3,4,4,4,3,35,-15.5
c0ddb6a7-e9b0-480f-8e05-54b316638198,Paramaribo,Suriname,south_america,5.82417645,-55.16628131,Budget,4,3,4,2,3,4,3,3,3,24,-3.908333333
5c528d71-fa3e-40c1-b8ac-0cc2724db702,Kotor,Montenegro,europe,42.4249205,18.7713332,Mid-range,4,3,4,3,2,3,3,2,4,24,-7.741666667
007e1c9a-9bbf-4560-a8d5-4fb17176b300,Rabat,Morocco,africa,33.9851778,-6.8461433,Budget,4,2,3,3,3,4,3,4,3,35,-5.441666667
34daf415-739f-45d7-a127-f47f0dcf63f9,Arequipa,Peru,south_america,-16.3988667,-71.5369607,Budget,4,3,4,1,3,4,3,3,3,35,-7.091666667
aa77dd0f-f294-4af2-9499-547652ef8472,Krakow,Poland,europe,50.0619474,19.9368564,Mid-range,5,2,3,1,4,4,3,4,2,35,-13.11666667
22724026-a52a-4591-ac15-5e3c1aad0bc6,Chiang Rai,Thailand,asia,19.7589517,99.6734592,Budget,4,3,4,1,2,4,3,2,4,24,-3.1
96591192-71e5-48cd-bc25-dfc40ad0a497,Maastricht,Netherlands,europe,50.85798545,5.696988182,Mid-range,4,2,3,1,3,4,3,3,3,24,-11.56666667
8e9cdd1b-520b-4d7c-84d6-ce390886a60d,Christchurch,New Zealand,oceania,-43.530955,172.6364343,Mid-range,3,4,4,3,3,3,3,3,3,25,-11.025
4050b3a8-bc31-4a00-a0bc-74ec708a8022,Gotland,Sweden,europe,57.4174802,18.53695793,Mid-range,4,3,4,4,3,3,3,2,4,35,-14.4
51573d8c-89d4-469e-b1a6-5be6a389b9d9,St Ives,United Kingdom,europe,50.2149064,-5.4795083,Mid-range,4,3,4,5,3,3,3,2,4,24,-11.48333333
248ce3f4-3c86-4ea3-91f2-0d69f703e1e4,Tromsø,Norway,europe,69.6516345,18.9558585,Luxury,3,4,5,2,3,3,3,3,4,25,-19
3aece1d2-640d-478c-97cb-7b2af24c0d4b,Granada,Nicaragua,north_america,11.9303801,-85.9535897,Budget,4,3,4,2,3,4,3,3,3,24,-4.791666667
9ebf736e-30eb-4a14-83f6-a171b29422dd,San Juan,Puerto Rico,north_america,18.38423905,-66.05343997,Mid-range,4,3,3,5,4,4,3,4,2,35,-4.4
c6df2a0a-5804-4782-980c-b785baff6338,Salt Lake City,United States,north_america,40.7596198,-111.886797,Mid-range,3,4,5,1,3,3,4,3,4,35,-11.53333333
2369b939-7343-43a5-939d-8883c2380da4,Asunción,Paraguay,south_america,-25.2800459,-57.6343814,Budget,3,2,3,1,3,3,2,3,3,24,-3.2
43fc0ee7-5983-4c3c-af37-93f16a8561e1,Manila,Philippines,asia,14.5904492,120.9803621,Budget,4,3,2,2,4,4,3,4,1,35,-5.683333333
20d1bd3e-dd04-4d5a-a734-32dea79ec466,Bern,Switzerland,europe,46.9484742,7.4521749,Luxury,4,3,4,1,3,4,4,4,3,35,-12.76666667
4c62d957-8e4e-4558-beea-2bf8178c5463,Catania,Italy,europe,37.5023612,15.0873718,Mid-range,4,3,4,3,3,5,3,3,2,35,-6.575
3b685f46-cdb6-497b-865e-2cd7657a6830,Davao,Philippines,asia,7.0648306,125.6080623,Budget,3,4,5,3,3,4,3,3,4,35,-4.991666667
43b173aa-a4f5-4676-9434-bacadf6d49ff,Porto,Portugal,europe,41.1494512,-8.6107884,Mid-range,4,3,3,3,4,5,3,4,3,35,-7.758333333
4fc0ec2d-41b6-44d1-9c67-16f9caf9a3f1,Azores,Portugal,europe,37.80855645,-25.47313739,Mid-range,3,4,5,3,2,4,3,2,5,37,-4.808333333
c6f2dcd7-e2f4-4b91-b737-717593827384,Freetown,Sierra Leone,africa,8.479004,-13.26795,Budget,3,3,4,4,3,3,2,2,3,24,-4.45
6e46b45f-19d2-43ff-9a08-f5c4b59e1f22,Laval,Quebec,north_america,45.60558895,-73.73456015,Mid-range,3,3,3,2,3,3,3,3,2,24,-15.11666667
7f92c683-b2a3-4058-a2dc-758c1d230a26,Saint-Denis,Réunion,africa,-20.8799889,55.448137,Mid-range,4,4,5,4,3,4,3,3,3,35,-2.008333333
6ceb9976-69b0-49a0-b91d-ac48234e2902,Constanta,Romania,europe,44.1767161,28.6507598,Budget,3,3,3,4,3,4,3,3,2,24,-9.833333333
80ed0bdd-62c4-4068-88c6-3eba6e3c4e46,Puerto Vallarta,Mexico,north_america,20.6407176,-105.220306,Mid-range,3,4,4,5,4,4,4,3,3,35,-1.6
933a8b39-e129-41f3-b6ab-3f58d695536b,Cape Town,South Africa,africa,-33.9288301,18.4172197,Mid-range,4,4,5,4,4,4,3,4,3,37,-5.925
1c1ede32-515d-4a46-8019-15e3196afd18,Castries,Saint Lucia,north_america,13.90904385,-60.97792414,Mid-range,3,4,5,5,3,4,4,3,4,35,-3.933333333
ef66a584-fc99-4c05-af1a-263a6f5cbacf,São Tomé,São Tomé and Príncipe,africa,0.3389242,6.7313031,Mid-range,3,4,5,4,2,3,3,2,4,37,-3.2
f7c802c7-e3cb-4922-ae40-a14f5ea56907,Madrid,Spain,europe,40.4167047,-3.7035825,Mid-range,5,3,2,1,5,5,3,5,2,35,-8.5
ddea7cd4-1b80-46f6-a51d-2649a27cba85,Nantes,France,europe,47.2186371,-1.5541362,Mid-range,4,2,3,2,3,4,3,4,3,35,-9.908333333
4ebafc38-97b9-485a-842f-df2e3fc08ab4,Victoria,Seychelles,africa,-4.6232085,55.452359,Luxury,3,4,5,5,3,4,4,2,4,25,-4.65
8ec82bed-8ce6-43b4-8318-4df1c2b36399,Ljubljana,Slovenia,europe,46.0500268,14.5069289,Mid-range,4,3,4,1,3,4,3,4,3,35,-10.88333333
702003ed-543f-4431-acea-79b044373c31,Chengdu,China,asia,30.6598628,104.0633717,Mid-range,5,3,4,1,3,5,3,4,2,25,-6.616666667
7b317d9c-9f46-43cc-a3db-5a5072021732,Menorca,Spain,europe,39.9492572,4.049964175,Mid-range,3,3,4,5,3,4,4,2,4,35,-6.275
510ac85b-7867-4b58-bc21-130b533ae441,Stone Town,Tanzania,africa,-6.16265285,39.18965515,Budget,5,3,3,4,3,4,3,3,3,24,-4.225
3618d1dc-af2a-4646-94d2-5bc387158dbe,Johannesburg,South Africa,africa,-26.205,28.049722,Mid-range,4,3,3,1,4,4,3,5,2,25,-6.175
b5c78cdb-4482-4686-9aa8-10d848aaf90d,Busan,South Korea,asia,35.1799528,129.0752365,Mid-range,4,3,4,4,4,5,3,4,2,35,-8.625
f8cceb46-257d-4b51-b34a-4cba69ace227,Koh Lanta,Thailand,asia,13.8212743,100.6306935,Budget,3,4,4,5,3,4,4,2,4,35,-6.158333333
623961cc-5553-4afa-842e-4af31b2a305c,Mumbai,India,asia,19.054999,72.8692035,Mid-range,5,3,2,3,4,5,3,5,1,25,-5.466666667
37247be1-606e-4142-a129-bf5d3efbd197,Istanbul,Turkey,europe,41.006381,28.9758715,Mid-range,5,3,3,2,4,5,3,5,2,37,-7.791666667
72a44cc1-8aff-4424-95a0-81afd9aa6db1,Seville,Spain,europe,37.3886303,-5.9953403,Mid-range,5,3,2,1,4,5,3,4,2,35,-6.1
e90eff18-779e-4ad9-8f75-944a034c0600,Bangkok,Thailand,asia,13.7524938,100.4935089,Budget,5,3,2,2,5,5,4,5,1,24,-6.258333333
5eb2414d-ccc4-4665-b86a-f463c43a9c1b,Belfast,United Kingdom,europe,54.596391,-5.9301829,Mid-range,4,3,3,2,3,4,3,4,2,35,-12.875
d9f5aa87-6ce6-4675-b55c-e64635035d90,Odessa,Ukraine,europe,46.4843023,30.7322878,Budget,4,3,3,4,4,4,3,4,2,35,-11.1
2ad8ee24-69aa-4e79-8b48-b459779c5987,Zanzibar Town,Tanzania,africa,-6.15956165,39.2009686,Mid-range,4,3,4,5,3,4,3,3,4,35,-4.225
3b81e08f-9410-4898-9781-432030bad762,Antananarivo,Madagascar,africa,-18.9100122,47.5255809,Budget,4,4,5,2,3,3,2,3,4,25,-4.208333333
f64d6a04-bf5b-49e9-860f-665d6e7d6ada,Krabi,Thailand,asia,8.0634637,98.9162345,Budget,3,4,5,5,3,4,4,2,4,35,-3.916666667
d76e7f44-80ab-4a92-918c-80c918d1ae88,Lomé,Togo,africa,6.130419,1.215829,Budget,3,3,3,3,2,3,2,3,3,24,-4.916666667
184fc244-2725-4a56-894d-bbb80ef207e7,Port of Spain,Trinidad and Tobago,north_america,10.6572678,-61.5180173,Mid-range,4,3,3,4,4,5,3,4,2,35,-4.033333333
aeb41503-ee2c-4678-aa67-33b816e31f68,Muscat,Oman,middle_east,23.5882019,58.3829448,Mid-range,4,3,4,4,2,4,3,3,4,35,-6.15
671ba175-2610-4435-a449-61f29c414d68,Kyiv,Ukraine,europe,50.4500336,30.5241361,Budget,4,3,3,1,4,4,3,4,2,35,-12.9
128e077c-0b2e-43dc-a395-59dcb2fdabe7,Galle,Sri Lanka,asia,6.0328139,80.214955,Budget,4,3,4,4,2,4,3,3,4,24,-5.375
3abbee3b-52a2-45cc-b745-9720f49fd72a,Gdansk,Poland,europe,54.42880315,18.79832701,Mid-range,4,2,3,3,3,4,3,4,2,24,-13.50833333
fe273668-236b-47ac-a87d-f02f36cd6181,Miami,United States,north_america,25.7741728,-80.19362,Luxury,3,3,3,5,5,4,4,4,2,35,-3.291666667
c6da2d98-abce-490d-8f70-5eea8253bf62,Svalbard,Norway,europe,78.7198519,20.3493328,Luxury,2,5,5,1,1,2,2,1,5,24,-27.1
1a9464a8-353a-4572-aac3-297de01aa6da,Lapland,Finland,europe,67.69291045,26.72821418,Luxury,3,4,5,1,2,3,3,2,5,37,-21.875
4959b5b0-bc55-450f-a2c5-9076efac17a7,Tunis,Tunisia,africa,36.8002068,10.1857757,Budget,4,3,3,3,3,4,3,3,2,24,-5.85
9bb1538a-f6b4-450f-812f-20d1ebc2c6eb,San Francisco,United States,north_america,37.7792588,-122.4193286,Luxury,5,3,4,3,4,5,3,5,2,35,-8.216666667
0e639efe-ac01-44b3-8716-2da67148d47c,Boston,United States,north_america,42.3554334,-71.060511,Luxury,5,2,3,2,4,4,3,5,2,35,-11.50833333
3b9ab1a4-a090-45f5-b101-a73f33a67a6c,Rotorua,New Zealand,oceania,-38.1381493,176.252922,Mid-range,4,4,5,2,3,3,5,3,3,24,-10.81666667
f52d85c4-fee6-4b7b-a181-fa7b0c8adaa0,El Chaltén,Argentina,south_america,-49.3319564,-72.8860438,Budget,2,5,5,1,2,3,3,1,4,37,-22.09166667
4387a20c-e5eb-437f-9afc-23c940594043,Christiansted,U.S. Virgin Islands,north_america,17.7439481,-64.7079823,Mid-range,3,4,4,5,3,4,3,2,4,24,-4.35
558816ef-9f17-4b93-a221-8aac47d03f00,Houston,United States,north_america,29.7589382,-95.3676974,Mid-range,4,3,3,2,4,5,3,5,2,35,-5.325
968021b5-7a8a-4e1e-bd31-574dd60a9975,San Diego,United States,north_america,32.7174202,-117.162772,Mid-range,4,4,4,5,4,4,4,4,3,35,-4.783333333
59d1b605-e2ed-4069-ab3b-b279346d1582,Ladakh,India,asia,34.0242098,77.2036739,Budget,4,5,5,1,1,3,3,1,5,24,-16.19166667
c1df028c-84c0-404a-a0c0-4f65e1b25357,Chefchaouen,Morocco,africa,35.1700832,-5.276658297,Budget,4,3,4,1,2,4,3,2,4,24,-4.9
b53ea9ad-2c8b-4467-9764-1edb3b922ea4,Lviv,Ukraine,europe,49.841952,24.0315921,Budget,5,2,3,1,3,4,3,3,3,35,-13.65
54425ba9-ac85-490b-8064-4260eb382f2c,Nashville,United States,north_america,36.1622767,-86.7742984,Mid-range,4,2,2,1,5,4,3,4,2,35,-8.091666667
af0c0c0e-6e3a-4157-8219-cdbd7fb23a81,Cleveland,United States,north_america,41.4996574,-81.6936772,Mid-range,4,2,3,2,3,4,3,3,2,24,-11.15833333
b4a73043-c9d4-40b3-83df-1ead4d144b4c,Ronda,Spain,europe,36.7421339,-5.1665916,Mid-range,4,3,4,1,2,4,3,2,4,35,-6.425
577b9315-b7a1-489f-9f37-c705858b1162,London,United Kingdom,europe,51.4893335,-0.144055085,Luxury,5,2,3,1,5,5,3,5,2,37,-11.68333333
a658f5c4-f1b4-4592-9bcd-823956973b8d,Rochester,United States,north_america,43.157285,-77.615214,Mid-range,3,2,3,2,3,3,3,3,3,24,-12.8
7880793a-92c4-4f87-a64a-f238fe4ef46e,Namibia,Namibia,africa,-23.2335499,17.3231107,Mid-range,3,5,5,2,2,3,3,2,5,24,-3.041666667
d521e276-3af5-4538-b17b-a1c8836d15b7,Memphis,United States,north_america,35.1460249,-90.0517638,Mid-range,4,3,2,1,4,4,3,3,2,35,-7.833333333
bee0bdaf-43b3-4d6e-80a3-eebf8cccb1cc,Ashgabat,Turkmenistan,asia,37.9404648,58.3823487,Luxury,3,2,2,1,2,3,2,3,4,25,-9.741666667
456e0998-8b34-4b5a-8898-fdd801f472a4,Tulum,Mexico,north_america,20.429647,-87.6529306,Mid-range,3,4,4,5,3,4,5,2,4,35,-4.158333333
a7573be8-bfc0-479c-9baa-7d824d1f9315,Honolulu,United States,oceania,21.304547,-157.855676,Luxury,4,4,5,5,4,4,4,4,2,37,-2.575
232e9cad-e761-42b2-ad5d-eac5c63500ff,Tashkent,Uzbekistan,asia,41.3123363,69.2787079,Budget,4,3,3,1,3,4,3,3,2,35,-9.591666667
6c7cf28b-e9b3-4620-985e-e51fb626aa64,Yangshuo,China,asia,24.8630286,110.4871831,Budget,3,4,5,2,2,3,3,2,4,35,-6.3
cdc43353-203d-43ea-91ec-ccdff3e15160,Kuala Lumpur,Malaysia,asia,3.1526589,101.7022205,Mid-range,4,3,3,2,4,5,3,5,2,25,-5.091666667
2a2808ca-2382-4d3e-b28b-af9837c5a3f7,Cornwall,United Kingdom,europe,50.4433489,-4.624656585,Mid-range,3,4,5,5,2,3,3,2,4,35,-11
6ee0fe94-2e9b-46ef-8bfc-5e218132332b,Dhaka,Bangladesh,asia,23.7643863,90.3890144,Budget,4,2,2,1,3,4,2,3,1,25,-4.7
df941b8b-5907-43b3-bd73-505845313873,Seattle,United States,north_america,47.6038321,-122.330062,Luxury,4,3,4,2,3,4,3,5,2,25,-10.76666667
48a8a9bd-7834-4db5-931e-151691e32ada,Bishkek,Kyrgyzstan,asia,42.8777895,74.6066926,Budget,3,4,4,1,3,3,2,3,4,24,-11.65
e0fba8c3-0e00-421a-8a31-c5001184dc97,Siem Reap,Cambodia,asia,13.3617562,103.8590321,Budget,5,3,4,1,3,4,3,3,3,35,-5.075
066b90ea-034a-48e3-9011-d2095c02efaa,Valdivia,Chile,south_america,-39.8141262,-73.2459859,Mid-range,3,4,4,3,3,4,3,3,4,35,-11.725
3f3f5613-56d6-464b-a1de-437c2246292b,Salta,Argentina,south_america,-25.1076701,-64.3494964,Mid-range,4,4,5,1,3,4,3,3,4,35,-6.291666667
92098031-bc52-4fac-b1df-2dfe76a8de6c,Split,Croatia,europe,43.5116383,16.4399659,Mid-range,4,3,4,4,4,4,3,3,3,35,-7.366666667
a49ee9f6-6273-4716-9985-1ebffd5c328c,Galápagos Islands,Ecuador,south_america,-0.62881505,-90.3638752,Luxury,3,5,5,4,1,3,2,1,5,24,-1.741666667
ae00c442-bbff-44db-9385-f8af3eda88b4,Florence,Italy,europe,43.7697955,11.2556404,Mid-range,5,2,3,1,3,5,3,4,2,35,-7.966666667
30c3bd69-5bec-4c0b-b009-bd322b13d554,Philadelphia,United States,north_america,39.9527237,-75.1635262,Mid-range,4,2,3,1,4,4,3,4,2,35,-9.766666667
04624f1d-9d64-4b83-a228-9914ef03c43e,Bordeaux,France,europe,44.841225,-0.5800364,Mid-range,4,2,3,2,3,5,3,4,3,35,-8.575
4b7bab82-52b8-4827-a591-750c48a47f39,Strasbourg,France,europe,48.584614,7.7507127,Mid-range,5,2,3,1,3,4,3,4,3,35,-10.9
5b04742c-8938-413a-9050-370d3bc3115b,Palau,Palau,oceania,5.3783537,132.9102573,Luxury,3,5,5,5,2,3,3,2,4,24,-3.925
2302c9dd-263d-434c-8adf-cab28e3ba21d,St. George's,Grenada,north_america,12.0535331,-61.751805,Mid-range,3,3,4,5,3,4,4,2,4,35,-4.791666667
0db57fc8-4359-415e-b18c-9b9da6d98e3d,Debrecen,Hungary,europe,47.531399,21.6259782,Budget,3,2,3,1,3,3,3,3,3,24,-11.09166667
56bbfddd-b9ea-4b44-a2bc-61b45baba7d7,Jaipur,India,asia,26.9154576,75.8189817,Budget,5,3,3,1,3,4,3,3,2,35,-6.033333333
1d7edb41-df70-4877-ac88-c1baaa72b923,Crete,Greece,europe,35.3084952,24.46334232,Mid-range,4,4,5,5,3,5,4,3,4,37,-6.016666667
dbac5f44-f433-4f28-b05c-e9b193b346c0,Baltimore,United States,north_america,39.2908816,-76.610759,Mid-range,4,3,3,2,4,4,3,4,2,35,-9.441666667
c9154e0a-44ac-4562-aa0e-3081d51e1730,Madang,Papua New Guinea,oceania,-5,145.5,Budget,4,4,5,4,2,3,2,2,4,25,-3.1
35de48dc-19c9-4e54-b788-da248d0e45d4,Taormina,Italy,europe,37.8512218,15.2830191,Mid-range,4,3,4,4,3,5,3,3,4,35,-5.891666667
66355823-318b-4699-8244-a884d90e3e52,Takayama,Japan,asia,36.1396246,137.2510322,Mid-range,5,2,4,1,2,4,3,2,4,24,-11.45833333
e8ca28df-95b8-4dd9-9190-28b80725ea25,Phoenix,United States,north_america,33.4484367,-112.074141,Mid-range,3,4,4,1,3,3,4,3,3,35,-7.358333333
28e1fcbb-ce3c-418e-bb2d-421e3be81b2f,Blantyre,Malawi,africa,-15.7862543,35.0035694,Budget,3,3,4,1,2,3,2,3,4,24,-2.2
ecaa1ebe-5e59-464c-8fae-42abbddcc734,Caracas,Venezuela,south_america,10.5060934,-66.9146008,Budget,4,3,4,3,3,4,2,3,2,35,-0.566666667
c62183f8-3057-4af8-9d51-1cba9559f61b,Da Lat,Vietnam,asia,11.9373899,108.4286786,Budget,3,4,5,1,2,4,4,3,4,24,-2.733333333
eb3c14bc-9e8d-47f1-ba13-95e308ff7e11,New York City,United States,north_america,40.7127281,-74.0060152,Luxury,5,3,3,2,5,5,3,5,1,37,-10.11666667
180cca4b-7d0f-41a2-99a1-27c58d512572,Sapa,Vietnam,asia,22.3359246,103.8426749,Budget,4,4,5,1,2,3,3,2,4,35,-7.125
4265c1eb-e4f6-4b71-8442-56ad4483a5e4,Guadalajara,Mexico,north_america,20.6720375,-103.338396,Mid-range,5,3,3,1,4,5,3,4,2,35,-2.983333333
6c222aca-bad0-4114-a0f8-d271510a86a0,Anchorage,United States,north_america,61.2163129,-149.894852,Mid-range,3,4,5,2,2,3,3,3,4,25,-19.49166667
196e96f8-6055-4123-beaa-957b027ee1f9,Bhutan,Bhutan,asia,27.549511,90.5119273,Luxury,5,4,5,1,1,3,4,2,5,24,-13.39166667
d4345f6e-b465-4dc0-abfe-f230b87aefb7,Samarkand,Uzbekistan,asia,39.6550017,66.9756954,Budget,5,3,3,1,2,4,2,3,3,35,-9.65
a33298f1-58d1-403d-984e-f7744a8e1746,Wellington,New Zealand,oceania,-41.2887953,174.7772114,Mid-range,4,3,4,3,4,4,3,4,2,25,-8.775
316ef402-4768-456e-98b3-87fad9b0a5c1,Lahore,Pakistan,asia,31.5656822,74.3141829,Budget,5,3,2,1,3,5,3,4,2,35,-6.708333333
36d2ef8d-984f-44db-8343-7b70c26e8bf1,San Pedro de Atacama,Chile,south_america,-22.910832,-68.2001376,Mid-range,3,5,5,1,2,3,3,2,5,25,-8.5
12bac5cc-d5e5-4418-aec5-2805cfe04257,Madeira,Portugal,europe,32.7517501,-16.98174866,Mid-range,3,4,5,3,3,4,4,3,4,25,-3.075
cb72a09a-88af-4d3b-a950-b353a445b54c,Gjirokastër,Albania,europe,40.0770871,20.1393359,Budget,5,3,4,1,2,3,2,2,4,24,-8.216666667
eb8d23c9-8122-4bb2-8325-e37036397a1c,Brisbane,Australia,oceania,-27.4689682,153.0234991,Mid-range,4,4,4,3,4,4,3,4,2,35,-3.491666667
5a296eaa-b786-420f-8a2d-08db36260144,Cesky Krumlov,Czech Republic,europe,48.8106526,14.3150586,Mid-range,5,2,4,1,2,3,2,2,4,35,-15.08333333
ec2e76e8-1944-4282-962d-276573d0ceef,Basseterre,Saint Kitts and Nevis,north_america,17.2960919,-62.722301,Mid-range,3,3,4,4,3,4,3,2,4,24,-4.266666667
a5064014-fa4f-4864-b491-a65fa2d68229,Honiara,Solomon Islands,oceania,-9.4310769,159.9552552,Mid-range,3,3,4,3,2,2,2,2,4,25,-4.266666667
7071cc05-1440-4931-88dc-3fa5a4cc15d2,Siena,Italy,europe,43.16720595,11.46756104,Mid-range,5,2,3,1,2,4,3,3,4,24,-8.733333333
4c88db7e-4c60-4395-9464-91ea959e2d13,La Palma,Spain,europe,28.6551163,-17.85726857,Mid-range,3,4,5,3,2,3,4,2,4,35,-2.258333333
58563b14-ffba-4104-88ce-0ba065f5d6ed,Ghent,Belgium,europe,51.0538286,3.7250121,Mid-range,5,2,3,1,4,4,3,4,2,24,-11.06666667
6b93d8e6-ab6a-4a5e-91f8-f42198c06d01,Sao Paulo,Brazil,south_america,-23.5506507,-46.6333824,Mid-range,5,3,2,2,5,5,3,5,1,25,-2.7
84684cae-4fbc-4ea4-9172-5f9d802ba843,Monteverde,Costa Rica,north_america,10.29115145,-84.81364394,Mid-range,3,5,5,1,2,3,3,1,4,35,-2.425
16539924-85a8-441a-8ebd-9c56d6720a35,Nukuʻalofa,Tonga,oceania,-21.1343401,-175.201808,Mid-range,3,3,4,4,2,3,3,2,4,35,-1.816666667
074c4c99-13f9-44ea-9ad3-bf573506a04c,Birmingham,United Kingdom,europe,52.4796992,-1.9026911,Mid-range,4,2,3,1,3,4,3,4,2,35,-12.1
63290557-b50c-409a-91ef-479598d31de3,Tuscany,Italy,europe,43.4586541,11.1389204,Mid-range,5,3,5,2,3,5,4,3,4,37,-8.875
68ec474b-b008-493b-933c-13e51af9ec83,Charlottetown,Canada,north_america,46.234953,-63.132935,Mid-range,4,3,4,3,2,3,3,2,4,24,-16.41666667
a3c96500-b77a-4133-bc7d-cca24a7e5ae6,St. Louis,United States,north_america,38.6280278,-90.1910154,Mid-range,4,3,3,1,3,4,3,4,2,35,-9.925
b150cb57-9168-4a88-ad5a-1ceb37ebfa72,Las Vegas,United States,north_america,36.1672719,-115.1483538,Luxury,3,3,2,1,5,4,3,5,1,35,-8.083333333
59e6664b-2503-4e62-87a4-9fbf47c24a9b,Detroit,United States,north_america,42.3315509,-83.0466403,Mid-range,4,2,2,1,3,3,2,4,2,35,-12.625
dbf5cdef-ff5d-4a67-8dba-8c220669ea4f,Suzhou,China,asia,31.311123,120.6212881,Mid-range,5,2,4,1,3,4,3,3,3,35,-8.516666667
497a30a0-cdd6-4336-99f3-481f08fcce76,Sardinia,Italy,europe,40.0912813,9.0305773,Mid-range,3,4,5,5,3,4,4,3,4,37,-6.541666667
19e2eecc-8394-482b-8469-d4ca8869797d,Port Vila,Vanuatu,oceania,-17.7414972,168.3150163,Mid-range,3,4,5,4,2,3,4,2,4,35,-1.933333333
00d7a74c-188a-4cea-aa66-f69397766a1e,Sibiu,Romania,europe,45.7973912,24.1519202,Budget,4,3,4,1,3,3,3,3,4,24,-12.13333333
44270077-ff2f-4123-96b9-7158aaff58a9,Luxor,Egypt,africa,25.702096,32.647186,Budget,5,3,3,1,2,4,2,3,3,25,-7.083333333
604b2249-da94-48ac-aba9-5297e6c7f5c7,Providenciales,Turks and Caicos,north_america,21.81444705,-72.15098494,Luxury,2,3,4,5,3,4,4,2,4,35,-2.366666667
7034c2a1-23a7-4da3-97e6-f6b9a7a886dd,Siwa Oasis,Egypt,africa,29.2154979,25.46897258,Budget,4,3,5,1,1,3,4,1,5,24,-6.158333333
eb5b5644-d743-4bae-861a-99b1f631f095,Mombasa,Kenya,africa,-4.05052,39.667169,Mid-range,4,4,4,5,3,4,3,3,3,35,-3.958333333
749fb1fb-78a2-43cc-a9e6-0594d8be5519,Dushanbe,Tajikistan,asia,38.5762709,68.7863573,Budget,3,4,4,1,2,3,2,2,4,24,-8.975
e49419c6-0022-4c14-b3be-8bde13a47ab2,Cuzco,Peru,south_america,-13.51695415,-71.97927121,Budget,5,4,5,1,3,4,3,3,3,25,-10.11666667
b893d102-fb92-4032-9117-5826ef4cf1aa,Nara,Japan,asia,34.2963089,135.8816819,Mid-range,5,2,4,1,2,4,3,3,4,35,-7.5
5c81761c-2753-4c1c-b724-f0a7f923540d,Buenos Aires,Argentina,south_america,-34.6083696,-58.4440583,Mid-range,5,3,2,2,5,5,3,5,2,24,-5.266666667
252e5f0f-bc45-4a80-9c12-c0262cf2b733,Córdoba,Argentina,south_america,-31.4166867,-64.1834193,Mid-range,4,3,4,1,3,4,3,4,3,35,-5.325
8836b237-a5c2-49ac-ab48-2b705d4c56f6,Sydney,Australia,oceania,-33.8698439,151.2082848,Luxury,4,4,4,5,4,4,3,5,2,37,-4.258333333
0517a59d-8d92-4687-9aaa-323ba211f28e,Hualien,Taiwan,asia,23.9913421,121.6197276,Mid-range,3,4,5,3,2,4,3,3,4,35,-2.866666667
784d64bc-ad12-4648-8094-07151548001d,Vienna,Austria,europe,48.2083537,16.3725042,Mid-range,5,2,3,1,4,5,4,5,2,35,-10.34166667
472a370a-f213-4bdd-bef7-e00aa2eb2ca4,Baku,Azerbaijan,asia,40.3755885,49.8328009,Mid-range,4,3,3,2,4,4,3,4,2,25,-8.791666667
8fbef9b4-80b6-4ef5-9196-d92d4fb81e25,Minsk,Belarus,europe,53.9024716,27.5618225,Budget,3,2,3,1,3,3,2,3,3,24,-14.81666667
99337dc9-9aff-4695-8c40-f5737939bedd,Santa Cruz,Bolivia,south_america,-17.333333,-61.5,Budget,3,4,4,2,3,3,3,3,3,35,-4.325
3dcec783-933e-4928-b50a-65b7050f50ff,Mostar,Bosnia and Herzegovina,europe,43.3435855,17.8076584,Budget,4,3,4,1,3,4,3,3,3,35,-8.2
2fdfc5be-fe93-4c81-8a14-a0f17ca22b60,Salvador da Bahia,Brazil,south_america,-13.2432762,-43.3742847,Mid-range,5,3,4,4,4,5,3,3,2,35,-4.158333333
7953a021-a4c4-4fbf-b5a8-92467f8280ed,Bujumbura,Burundi,africa,-3.3638125,29.3675028,Budget,3,3,4,3,2,3,2,2,4,24,-1.425
9226cd83-fc8a-417b-99c0-f46db4cf4d5d,Yaoundé,Cameroon,africa,3.8689867,11.5213344,Budget,4,3,3,1,3,4,2,3,2,24,-1.441666667
b83e6115-b517-4e85-b1d9-fecf35d3993c,Galway,Ireland,europe,53.2744122,-9.0490601,Mid-range,4,3,4,3,4,4,3,3,3,24,-12.41666667
d1fdface-d3c3-45fe-b7ec-ecf1aebec736,Calgary,Canada,north_america,51.0456064,-114.057541,Mid-range,4,4,5,1,3,3,3,4,3,35,-17.73333333
c2ee230d-f1b2-4831-bf1a-36469bc6eb98,Halifax,Canada,north_america,44.648618,-63.5859487,Mid-range,4,3,4,3,3,4,3,3,4,24,-14.60833333
9b29ecd2-a840-4fc2-b55e-85a2a99d67b0,Sal,Cape Verde,africa,16.72045565,-22.93867613,Mid-range,2,3,3,5,3,3,3,2,4,35,-1.933333333
0949dd9a-c23e-45c7-b1cf-bdd110a760c8,Bath,United Kingdom,europe,51.3813864,-2.3596963,Mid-range,5,2,3,1,3,4,5,3,3,24,-11.71666667
4f691336-e290-4fb8-8f6f-041744450398,Pristina,Kosovo,europe,42.6638771,21.1640849,Budget,3,2,2,1,3,3,2,3,3,24,-10.58333333
222fef61-1cb1-492a-af39-3244dd5eaf73,Belgrade,Serbia,europe,44.8178131,20.4568974,Budget,4,3,3,2,5,4,3,4,2,35,-9.516666667
43bf31e6-e12e-4752-abdf-87472616ead1,Dallas,United States,north_america,32.7762719,-96.7968559,Mid-range,4,3,2,1,4,4,3,4,2,35,-7.15
8ffa36b1-c3eb-4d2d-bc8b-8768f6ecfff1,Guilin,China,asia,25.2779894,110.2910622,Budget,3,4,5,1,2,3,3,2,4,35,-6.275
f69c75d8-329c-4769-bda1-ea15a27dcc33,Hallstatt,Austria,europe,47.5621698,13.6486697,Mid-range,4,3,5,2,2,3,3,2,4,22,-13.575
c3963b0a-b8da-4320-aa9d-bead15d4b37a,Nicosia,Cyprus,europe,35.1746503,33.3638783,Mid-range,4,3,3,2,3,4,3,4,2,35,-6.316666667
33713397-dcba-460c-bca2-651bdd80fe0f,San José,Costa Rica,north_america,9.9325427,-84.0795782,Mid-range,3,4,5,2,3,4,4,3,3,35,-0.725
9f3ce859-f274-4359-a24d-e16bc30c2b1c,Havana,Cuba,north_america,23.135305,-82.3589631,Budget,5,3,3,3,4,4,2,3,2,35,-2.8
7e649d6c-6926-4335-beca-e543737cd861,Roseau,Dominica,north_america,15.4238539,-61.34165133,Budget,3,4,5,3,2,3,4,2,4,35,-3.433333333
7ca9e565-db06-4228-ac03-c57d8d757227,Carcassonne,France,europe,43.2130358,2.3491069,Mid-range,5,2,3,1,2,4,3,3,4,24,-8.391666667
0fcdac6c-fddc-43a4-93c5-dd03a6cd75dc,Lagos,Portugal,europe,37.1027964,-8.6728689,Mid-range,3,4,4,5,4,4,3,3,3,35,-4.758333333
d2351990-8009-44cd-9fdb-e79f1fd913f4,Alexandria,Egypt,africa,31.1991806,29.8951716,Budget,4,2,3,3,3,4,2,4,2,35,-4.5
5f55fdd8-3af4-485a-8a31-5974963a257f,Tallinn,Estonia,europe,59.4372155,24.7453688,Mid-range,4,2,3,2,3,4,3,4,3,35,-15.8
7e2ebc2d-7b8b-4071-b2f7-11476b6d44b7,Paris,France,europe,48.8588897,2.320041022,Luxury,5,2,3,1,5,5,4,5,2,35,-9.733333333
d45e5eea-27c6-4eda-b78a-50c21079b270,Puglia,Italy,europe,40.9842539,16.6210027,Mid-range,4,3,4,4,3,5,4,3,4,35,-7.391666667
5f4cc5c5-4804-4a2c-8ddc-c5166d5b9237,Queenstown,New Zealand,oceania,-45.0321923,168.661,Luxury,3,5,5,2,4,4,4,3,3,37,-12.825
735e5584-4804-4d92-8fa6-98b14964188c,Biarritz,France,europe,43.4832523,-1.5592776,Mid-range,3,4,4,5,3,4,4,3,3,35,-7.95
9e075378-f479-48c4-ac0c-43a44f822866,Libreville,Gabon,africa,0.4086518,9.4418849,Mid-range,3,3,4,3,3,3,2,3,3,24,-4.041666667
b636143f-615e-4232-a3a6-f11bc6ee93df,Sintra,Portugal,europe,38.79846,-9.3881,Mid-range,5,3,5,2,2,4,3,3,4,35,-6.916666667
08a0957f-5a4f-40f9-aa68-c26f20c88f70,Hvar,Croatia,europe,43.17389195,16.55652349,Mid-range,3,3,4,5,5,4,3,3,2,35,-6.675
a87511bd-77f4-4afc-977e-730d34c1c7bd,Rostock,Germany,europe,54.0886707,12.1400211,Mid-range,4,3,3,4,3,3,3,3,3,24,-13.24166667
643c3ffc-f74a-444b-b836-da588781da27,Zakynthos,Greece,europe,37.78913845,20.79008957,Mid-range,3,3,4,5,4,4,3,2,3,35,-6.25
38fa5147-236e-4462-b3b1-97b35caaf154,Reykjavík,Iceland,europe,64.145981,-21.9422367,Luxury,3,4,5,2,3,3,4,3,4,35,-17.7
6dc1c044-a79c-4b5b-9a9b-dbb0f95fefae,Jodhpur,India,asia,26.2967719,73.0351433,Budget,5,3,3,1,2,4,3,3,3,24,-6.283333333
4c55af25-bd6c-4677-badd-6b53ec2f758d,Bandung,Indonesia,asia,-6.9215529,107.6110212,Budget,4,3,4,2,3,4,3,3,3,24,-0.483333333
98fa6e27-430b-4d3b-b347-02e8c53c7cf7,Naples,Italy,europe,40.8358846,14.2487679,Mid-range,5,3,3,3,4,5,3,4,2,35,-6.833333333
df9fa1bf-f634-4f67-ba01-b4324b3b7768,Yamoussoukro,Ivory Coast,africa,6.8200066,-5.2776034,Budget,4,2,3,1,2,3,2,3,3,24,-3.725
4cfcb5ec-303d-49ec-978a-da752ddd094f,Sapporo,Japan,asia,43.061936,141.3542924,Mid-range,4,3,4,2,3,4,3,4,3,25,-13.08333333
7b34f40a-0ea8-48d7-b930-c7de11613b93,Almaty,Kazakhstan,asia,43.2363924,76.9457275,Mid-range,4,4,5,1,3,3,3,4,3,35,-12.31666667
41fa1295-aef3-4e9d-9d04-5a43f6cd1741,Luxembourg City,Luxembourg,europe,49.6112768,6.129799,Luxury,4,2,3,1,3,4,3,4,3,24,-12.425
80fd9234-ad35-4e41-af83-ce4f201894d5,San Cristóbal de las Casas,Mexico,north_america,16.735377,-92.63873,Budget,4,3,4,1,3,4,3,2,4,24,-6.625
b7506ee6-e9ca-41fe-b282-ebf79c9782bf,Riga,Latvia,europe,56.9493977,24.1051846,Mid-range,4,3,3,2,4,4,3,4,3,35,-13.875
05b02046-7947-45a4-a9f6-39f043575a81,Portland,United States,north_america,45.5202471,-122.674194,Mid-range,4,3,4,2,3,4,4,4,3,35,-9.875
2ee4ab0c-44a7-45bd-8463-0b4813e62c3a,Ulaanbaatar,Mongolia,asia,47.9184676,106.9177016,Budget,4,4,4,1,3,3,2,3,4,25,-22.95833333
08f1b340-be30-43d0-a0dd-199157dffb00,Essaouira,Morocco,africa,31.5118281,-9.7620903,Budget,4,3,4,4,3,4,3,3,4,24,-3.641666667
6d6e150b-925c-49b0-bfd6-199070922341,Pokhara,Nepal,asia,28.209538,83.991402,Budget,3,5,5,1,2,3,4,2,4,35,-4.525
d0065fb6-78a4-4982-a4d9-bcb30d2fd66b,Eindhoven,Netherlands,europe,51.4392648,5.478633,Mid-range,3,2,3,1,3,3,3,4,2,24,-11.56666667
16232df9-2dcc-4a1a-a3a5-9aab5bf5dba5,Port Moresby,Papua New Guinea,oceania,-9.4743301,147.1599504,Mid-range,3,4,4,2,2,3,2,2,3,25,-4.125
5e5eb018-1df0-459c-85d4-46a45c1dcbe9,Cebu,Philippines,asia,10.47,123.83,Budget,3,4,5,5,3,4,3,3,3,25,-5.216666667
2f634211-0161-41dc-b871-3d405b1b3975,Lisbon,Portugal,europe,38.7077507,-9.1365919,Mid-range,5,3,3,3,4,5,3,4,2,35,-5.466666667
a8bec1b5-1b2e-4f8a-9f4e-ed1ec350c1f3,Brazzaville,Republic of the Congo,africa,-4.2694407,15.2712256,Mid-range,3,3,4,1,2,3,2,3,4,24,-2.966666667
b937f178-569d-4efb-b97c-1a3dc4a4e42c,Kigali,Rwanda,africa,-1.8859597,30.1296751,Mid-range,4,3,4,1,2,3,3,3,4,35,-1.666666667
d638194d-3ad6-42fc-a665-1f858787a374,Apia,Samoa,oceania,-13.8345235,-171.7630955,Mid-range,4,3,4,4,2,3,3,2,4,35,-4.05
f7812d83-a0ca-428a-9b98-a6ee705b3925,Gorée Island,Senegal,africa,14.66720465,-17.3983563,Mid-range,5,2,3,2,1,3,2,1,4,22,-2.791666667
8c999bb4-7456-4226-9124-515a84f3cc7d,Durban,South Africa,africa,-29.861825,31.009909,Mid-range,3,4,4,5,3,4,3,3,2,35,-2.725
db933be3-64bc-4471-b1e5-ad29a27b56c6,Bled,Slovenia,europe,46.3684202,14.1100595,Mid-range,3,4,5,2,2,3,3,2,4,24,-17.50833333
abb3afcd-3460-43f0-a209-0fdef66264c4,Bilbao,Spain,europe,43.2630018,-2.9350039,Mid-range,5,3,3,2,4,4,3,4,2,35,-7.516666667
82cd6d56-a268-4de2-9339-9471cfd32343,Asturias,Spain,europe,43.3133868,-5.94192,Mid-range,4,4,5,4,3,4,3,2,4,25,-9.35
31f5b626-c19c-4b17-b740-a2316960fad1,Zermatt,Switzerland,europe,46.0212076,7.749254,Luxury,3,5,5,1,2,4,4,2,4,25,-17.16666667
3eb00e2f-97e0-445b-a337-2c2852056104,Chiang Mai,Thailand,asia,18.7882778,98.9858802,Budget,5,4,4,1,3,5,4,3,4,35,-4.075
81a386eb-0e43-463f-9c5b-c7c116b9daad,Kairouan,Tunisia,africa,35.6710101,10.10062,Budget,5,2,2,1,2,3,2,3,3,24,-5.816666667
df9dfdee-2ccd-45c4-a2a8-f9fe84c1748e,Kampala,Uganda,africa,0.3177137,32.5813539,Budget,4,3,4,1,3,3,2,3,2,35,-0.908333333
e67d1cf4-1acd-410c-9173-6857f6c89332,Minneapolis,United States,north_america,44.9772995,-93.2654692,Mid-range,4,3,4,2,3,4,3,4,2,35,-14.45833333
6ce77f2d-9856-497c-a6d8-7d7c2363e489,Denver,United States,north_america,39.7392364,-104.984862,Mid-range,4,5,5,1,3,4,4,4,3,35,-12.375
fd625374-2800-49ca-9f65-ea3eabca88ab,Glasgow,United Kingdom,europe,55.861155,-4.2501687,Mid-range,4,2,3,1,4,4,3,4,2,35,-13.39166667
5cccd9f1-46c1-461c-928b-207a70521e74,Ushuaia,Argentina,south_america,-54.807306,-68.3084133,Mid-range,3,5,5,2,2,3,3,2,4,37,-16.78333333
c7cd6c83-42a4-48b2-ad40-7b0c61dcf992,Tucson,United States,north_america,32.2228765,-110.974847,Mid-range,4,4,4,1,3,4,3,3,4,24,-6.475
99ef42e6-1bce-46a5-a6cd-0dc8d924b901,Pittsburgh,United States,north_america,40.4416941,-79.9900861,Mid-range,4,3,3,1,3,4,3,4,2,35,-11.24166667
18db3d45-0c86-4da9-b5b4-9fbbba0bf443,Adelaide,Australia,oceania,-34.9281805,138.5999312,Mid-range,4,3,4,3,3,4,3,3,4,35,-6.275
21b7a81d-f0a3-4260-be02-f6c82cc74254,Manama,Bahrain,middle_east,26.2235041,50.5822436,Mid-range,4,3,2,3,4,4,3,4,2,24,-7.058333333
88f49e69-1210-4b97-be1e-b906ca0ebcec,La Paz,Bolivia,south_america,-16.4955455,-68.1336229,Budget,4,4,4,1,3,3,3,3,3,25,-14.925
edb9bd75-975a-438a-8d19-7b506bae3003,Montevideo,Uruguay,south_america,-34.9058916,-56.1913095,Mid-range,4,3,3,3,3,4,3,4,3,35,-5.966666667
1ca8e2d5-d8af-4855-a61c-93d3f4557f10,Mendoza,Argentina,south_america,-34.78709305,-68.43818677,Mid-range,3,4,4,1,3,4,3,3,4,35,-7.325
20fa6443-16d9-43a4-8cda-d6c9cc93f5e0,Innsbruck,Austria,europe,47.2654296,11.3927685,Mid-range,4,5,5,1,3,4,3,3,3,35,-15.425
031fc396-76f4-4789-ad26-26a0ca29b267,Washington DC,United States,north_america,38.8950368,-77.0365427,Mid-range,5,2,3,1,3,4,3,5,2,35,-8.991666667
fb56c304-dd9e-433a-8a3b-fda3cdf73cf4,Brussels,Belgium,europe,50.8465573,4.351697,Mid-range,4,2,3,1,3,4,3,4,2,35,-11.525
5c5a1424-5c18-4a8a-b4ec-b8084bfc1003,Ottawa,Canada,north_america,45.4208777,-75.6901106,Mid-range,4,3,4,2,3,3,3,3,3,35,-15.81666667
9c6dae1f-2059-4196-804f-fcd440fb19d0,Brno,Czech Republic,europe,49.1922443,16.6113382,Budget,4,3,3,1,3,4,3,3,2,24,-12.08333333
a72016d1-6e5a-45e9-9d47-b0d1dcff8e69,Tartu,Estonia,europe,58.3801207,26.72245,Budget,4,2,3,1,3,3,3,3,3,24,-15.9
920da6cf-c573-4a7d-94f8-b6f93bccb344,Praia,Cape Verde,africa,14.9162811,-23.5095095,Mid-range,3,3,3,4,3,3,2,3,4,35,-2.141666667
d218703a-93de-47e5-b591-a6a45b3187cd,Harbin,China,asia,45.7593633,126.6276177,Mid-range,4,3,3,1,3,3,2,4,2,35,-17.7
51ab40b5-1e27-463a-a1fd-cf9f33a9263a,Moroni,Comoros,africa,-11.6931255,43.2543044,Budget,3,3,4,3,2,3,2,2,4,24,-4.158333333
acd5d99c-5303-4f22-b176-f67a87c7e59c,Prague,Czech Republic,europe,50.0874654,14.4212535,Mid-range,5,2,3,1,4,4,3,5,2,35,-12.30833333
29e3c666-7847-4ce2-a1ab-c4036a94b9db,Beijing,China,asia,40.190632,116.412144,Mid-range,5,3,3,1,4,5,3,5,2,37,-11.34166667
e79d9e7b-6fc0-43de-a4fd-df7874e6f754,Lhasa,China,asia,29.6542054,91.1173015,Luxury,5,4,4,1,1,3,4,2,5,24,-13.01666667
16b76b63-d83f-4e9c-86e1-b39fd024f8a9,Aswan,Egypt,africa,24.091071,32.897306,Budget,5,3,4,2,2,4,3,2,4,35,-7.258333333
a3838612-edde-4229-91ba-f6483f24e7c5,Rijeka,Croatia,europe,45.3267976,14.442208,Mid-range,4,3,4,3,3,4,3,3,3,35,-8.216666667
766463db-8af1-4a9f-95f4-f2bb8a50db45,Cuenca,Ecuador,south_america,-2.8974072,-79.0041726,Budget,5,3,4,1,3,4,3,3,4,35,-7.958333333
12aa2887-b59c-4f3d-bad6-7b57dac21879,Giza,Egypt,africa,29.9870753,31.2118063,Mid-range,5,3,3,1,2,4,2,3,2,24,-5
1f834fe2-c60c-4806-8880-081a9f7c9b72,Saaremaa Island,Estonia,europe,58.27381995,22.27710575,Budget,3,3,5,4,2,3,4,2,5,24,-14.68333333
1f31c352-d854-47e4-a556-f0458c248320,Venice,Italy,europe,45.4371908,12.3345898,Luxury,5,2,3,1,3,5,3,4,2,35,-9.225
4311c598-a756-4776-ab4a-aab47d5252b7,Rennes,France,europe,48.1113387,-1.6800198,Mid-range,4,2,3,2,3,4,3,3,3,24,-10.49166667
7b87f72d-9e50-4e58-9053-cc2e71ff6511,Papeete,French Polynesia,oceania,-17.5373835,-149.5659964,Luxury,3,4,5,5,3,4,4,3,4,37,-3.666666667
c4dbcb6c-a538-4ea4-8949-15abc60cfb20,Lyon,France,europe,45.7578137,4.8320114,Mid-range,5,2,3,1,4,5,3,4,2,35,-9.483333333
91cac04b-ad02-4e41-bc20-ad0bbe5e65a0,Bora Bora,French Polynesia,oceania,-16.50434665,-151.7366886,Luxury,2,4,5,5,2,3,5,1,5,24,-4.391666667
14f66152-9e1f-49a6-af54-b5c594fb958f,Carcassone,France,europe,43.2130358,2.3491069,Mid-range,5,2,3,1,2,4,2,2,3,24,-8.391666667
c2f88913-cb3d-480a-9468-539f31cda9f7,Osaka,Japan,asia,34.6937569,135.5014539,Luxury,4,2,3,2,4,5,3,5,2,25,-7.916666667
89a63e37-123a-4dfd-88d2-b7cb58c7b4e4,Banjul,Gambia,africa,13.4410165,-16.56275092,Budget,3,3,4,4,2,3,2,2,3,24,-3.266666667
bbbaa3f2-5a06-4e14-9626-0ec02a43b129,Hamburg,Germany,europe,53.550341,10.000654,Mid-range,4,3,3,2,4,4,3,5,2,35,-12.58333333
8487babf-ddba-48fa-aaa9-d8bbf60b7d73,Vilnius,Lithuania,europe,54.6870458,25.2829111,Budget,4,2,3,2,3,3,3,3,3,24,-14.93333333
6cad25d4-a467-4942-9b04-0ace1de123e4,San Cristobal,Venezuela,south_america,7.7756663,-72.2214154,Budget,3,3,4,1,3,3,3,3,4,24,-3.7
3c17a4a0-29e4-4aba-aaba-8f6e831349f1,Lübeck,Germany,europe,53.866444,10.684738,Mid-range,4,2,3,2,3,4,3,3,3,24,-12.94166667
c929605b-29fe-440d-9b79-c0a899e95238,Antigua,Guatemala,north_america,14.5567814,-90.7337346,Budget,5,3,4,1,3,4,3,3,4,24,-3.091666667
fd6dcc88-7ef3-4990-a6e2-ae24b08badab,Akureyri,Iceland,europe,65.68390355,-18.1121756,Luxury,3,4,5,2,2,3,3,3,4,24,-18.94166667
279f4b89-4f47-45b5-bd14-a791517bdf37,Varanasi,India,asia,25.3356491,83.0076292,Budget,5,2,3,1,2,4,3,3,2,35,-6.141666667
37d8bd6e-fad0-4304-93bd-26975ac8944f,Ajaccio,France,europe,41.9263991,8.7376029,Mid-range,4,3,4,4,3,4,3,3,4,35,-7.1
077a909f-9984-4cef-8872-07c697cab0fb,Tanna Island,Vanuatu,oceania,-19.48577845,169.3345014,Mid-range,4,4,5,4,1,3,3,1,5,25,-2.583333333
b3d93e9e-ad99-4429-b281-c0750bf6e2c8,Ho Chi Minh City,Vietnam,asia,10.7763897,106.7011391,Budget,4,3,2,2,4,5,3,5,2,35,-5.45
bebdecac-357c-4178-a4d3-b29d1c286f0d,York,United Kingdom,europe,53.96565785,-1.074305244,Mid-range,5,2,3,1,3,4,3,3,3,24,-12.71666667
49075331-5017-45a7-8645-0c668b2fe1bb,Delhi,India,asia,28.6273928,77.1716954,Budget,5,3,2,1,4,5,3,5,1,25,-6.525
19ad6eea-d5b7-4468-8ed3-79e4c795bb7a,Matera,Italy,europe,40.4476419,16.47357384,Mid-range,5,2,3,1,2,4,3,3,4,24,-7.441666667
3cbd302a-6109-43c9-a113-112542bef4ae,Hiroshima,Japan,asia,34.3917241,132.4517589,Mid-range,5,2,3,2,3,4,3,3,3,35,-8.125
0f7e00d1-189f-4504-a23d-71dc70d98ae4,Vientiane,Laos,asia,17.9640988,102.6133707,Budget,4,3,3,1,2,4,3,2,4,24,-4.308333333
25da92b8-f1f0-4a49-b8ee-45fbc0f1f17a,Edinburgh,United Kingdom,europe,55.9533456,-3.1883749,Mid-range,5,3,3,2,4,4,3,4,2,35,-13.54166667
7e080529-0ecf-4c7a-b6dd-c316c5cfdab7,Lusaka,Zambia,africa,-15.4163395,28.2818414,Budget,3,3,4,1,2,3,2,3,3,35,-2.55
6018cfaa-2009-46c1-9b4e-abc97eecad6b,Marrakesh,Morocco,africa,31.6258257,-7.9891608,Budget,5,3,3,1,4,5,4,4,2,35,-5.066666667
01db5747-b1a8-4398-851b-5f4be4f7e453,Palawan,Philippines,asia,11.0798978,120.9373422,Budget,3,4,5,5,2,3,3,2,5,37,-4.783333333
b5a1cb1c-42d2-4235-a907-6791f1177f34,Ohrid,North Macedonia,europe,41.1170203,20.8017715,Budget,4,3,5,3,3,3,3,2,4,24,-10.31666667
d61c9838-c92c-4619-aa92-5daf546b71df,Algarve,Portugal,europe,37.24480855,-8.150756196,Mid-range,3,4,4,5,3,4,4,3,3,35,-5.05
cd74974b-0218-4e6a-b947-13d8ee80dbb7,Bucharest,Romania,europe,44.4361414,26.1027202,Budget,4,2,3,1,4,4,3,4,2,35,-10.575
5de00cf4-d669-44be-936b-707e01d25311,Seychelles,Seychelles,africa,-4.6574977,55.4540146,Luxury,2,3,5,5,2,4,4,2,5,24,-4.65
c17afe66-e784-4b36-96ff-da56a56ff78a,Zurich,Switzerland,europe,47.3744489,8.5410422,Luxury,4,3,4,1,3,4,4,5,2,35,-12.33333333
5c470d58-5ad9-4aaa-903b-fa9a2bed3c68,Dubai,United Arab Emirates,middle_east,25.07428235,55.18853865,Luxury,4,4,2,4,5,4,5,5,2,25,-7.016666667
89e1f300-6ffd-4c18-a700-c9815dcdad84,Zanzibar,Tanzania,africa,-6.1664908,39.2074312,Mid-range,4,4,5,5,3,4,4,2,4,37,-4.225
60a84e59-6313-4576-a15a-b72c3e0dba67,Atlanta,United States,north_america,33.7489924,-84.3902644,Mid-range,4,3,3,1,4,4,3,4,2,35,-7.116666667
40167255-1cae-4156-8d8d-cde07255405e,Thimphu,Bhutan,asia,27.4713546,89.6336729,Luxury,5,3,4,1,2,3,4,2,5,24,-8.966666667
0a7d0b01-4cdf-4968-81ea-ac4e5d5d2fa1,Los Angeles,United States,north_america,34.0536909,-118.242766,Luxury,4,3,3,4,5,4,4,5,2,37,-4.875
4ed326e5-e344-48c0-a1ff-b69d6fdb9b7f,Savannah,United States,north_america,32.0790074,-81.0921335,Mid-range,4,3,3,2,3,4,3,3,3,24,-5.55
f7d86453-1908-48d0-9b86-63c6a6b7c2ae,Bukhara,Uzbekistan,asia,39.7675529,64.4231326,Budget,5,2,3,1,2,3,2,3,4,35,-9.891666667
8a01ffff-5a20-4ddb-af63-f82c9fa0e277,Montreal,Canada,north_america,45.5031824,-73.5698065,Mid-range,5,3,3,2,4,5,3,5,2,35,-14.8
dca139e8-a2d8-4edc-a494-bb831291452e,Hanoi,Vietnam,asia,21.0283334,105.854041,Budget,5,3,3,1,3,5,3,4,2,35,-4.283333333
27867d01-7251-434e-a743-c50193f8dc86,Perth,Australia,oceania,-31.9558933,115.8605855,Mid-range,3,4,4,4,3,4,3,3,3,25,-4.875
765ff37e-f3fa-48d4-9631-679279fd3045,Cardiff,United Kingdom,europe,51.4816546,-3.1791934,Mid-range,4,2,3,2,4,3,3,4,2,35,-11.7
2af06632-f7aa-4f48-88ff-a7f90e8da41e,San Jose,United States,north_america,37.3361663,-121.890591,Luxury,3,3,4,2,3,3,3,4,2,35,-6.958333333
c4d01836-2731-498c-afa0-164e08df33be,Orlando,United States,north_america,28.5421109,-81.3790304,Mid-range,3,4,3,2,4,3,3,4,2,25,-3.675
2278b395-3809-4d23-b74d-2e6ebfdce2ed,Sighisoara,Romania,europe,46.2202037,24.7934483,Budget,5,3,3,1,2,3,2,2,4,35,-12.68333333
31c38956-bfd7-49a1-82f6-656ae066db1f,Vancouver,Canada,north_america,49.2608724,-123.113952,Luxury,4,4,5,3,4,4,4,5,3,37,-11.49166667
3f80a914-4217-4ee3-87a7-657e5480fea4,Keswick,United Kingdom,europe,54.6009812,-3.1375822,Mid-range,3,4,5,2,2,3,3,2,4,24,-12.875
43e082aa-865c-4847-a8f3-7ee4e77c05de,Bologna,Italy,europe,44.4938203,11.3426327,Mid-range,5,2,3,1,3,5,3,4,2,35,-9.125
794e7d71-b99b-415f-8b9c-790ec7773bd1,Isle of Skye,United Kingdom,europe,57.36300795,-6.30217367,Mid-range,3,4,5,3,1,3,3,1,5,25,-13.16666667
f01a2bac-182f-4a9a-bd44-d75f65b50bd7,Guimarães,Portugal,europe,41.4417677,-8.2955712,Mid-range,4,3,3,1,2,4,3,3,3,35,-7.583333333
0c2f27fb-d5ed-4047-a16e-05fb872fe7b3,Macau,China,asia,22.1757605,113.5514142,Mid-range,4,3,2,2,5,4,3,5,2,35,-4.225
a42b301e-5afe-417e-a81f-9f847e267f88,Salento,Colombia,south_america,4.6373012,-75.569799,Budget,4,4,5,1,2,4,3,2,4,24,-0.475
9f779614-05dd-41e8-833b-8fa44cee9475,Zagreb,Croatia,europe,45.8130967,15.9772795,Mid-range,4,3,3,1,3,4,3,4,2,35,-9.583333333
f206b4f0-81db-4098-8142-a69892f9f14b,Quito,Ecuador,south_america,-0.2201641,-78.5123274,Budget,5,4,4,2,3,4,3,3,3,25,-9.025
b411a358-6873-46d3-b693-174931a4a948,San Salvador,El Salvador,north_america,13.6989939,-89.1914249,Budget,3,3,3,3,3,4,2,3,2,35,-0.733333333
9cca8483-23d3-4725-b369-ba831d2c16b3,Suva,Fiji,oceania,-18.1415884,178.4421662,Mid-range,3,3,4,3,3,3,3,3,2,25,-2.341666667
0eeb9c0f-6cae-4e46-ba5a-dba09017c4ec,Toulouse,France,europe,43.6044622,1.4442469,Mid-range,4,3,3,2,4,4,3,4,2,35,-8.475
9a4f8eec-e269-42bb-96bd-4c0e0a82df57,Frankfurt,Germany,europe,50.1106444,8.6820917,Mid-range,4,2,3,1,4,4,3,5,2,35,-10.78333333
3c3ca961-011a-4144-8dff-741dd64d363e,Accra,Ghana,africa,5.5571096,-0.2012376,Budget,4,3,3,3,3,4,3,3,2,35,-4.85
bfb367bf-51e6-4098-89b3-4868a8b7c834,Cayenne,French Guiana,south_america,4.9371544,-52.3258736,Mid-range,3,4,5,3,2,3,2,2,4,24,-2.625
90ca1550-325d-4036-ae5a-5a2d7518d12a,Launceston,Australia,oceania,-41.4340813,147.1373496,Mid-range,3,4,5,2,2,3,3,3,4,24,-10.475
7c9a3427-bce5-49c4-ace2-b19967022373,Valparaíso,Chile,south_america,-33.0458456,-71.6196749,Mid-range,4,3,3,3,4,4,3,4,2,24,-9.308333333
265ee9f4-2324-46bc-95e2-11a7b655e833,Colmar,France,europe,48.0777517,7.3579641,Mid-range,4,2,3,1,2,4,3,2,4,24,-10.725
1e1b5cd7-966e-419c-a2d4-c9fe088a9289,Bratislava,Slovakia,europe,48.1516988,17.1093063,Mid-range,4,3,3,1,3,3,3,3,3,24,-10.99166667
1d32dfff-864b-4298-8be7-1f9714936244,Hong Kong,Hong Kong,asia,22.2793278,114.1628131,Luxury,5,3,3,2,5,5,3,5,2,25,-4.233333333
f03bee1f-4a0c-48b7-9552-b0520359357d,Trinidad,Cuba,north_america,21.8052055,-79.9845797,Budget,5,3,4,3,3,4,3,2,4,24,-4.116666667
2112510a-fb29-4ca0-82e1-682dc6073880,Plovdiv,Bulgaria,europe,42.1418541,24.7499297,Budget,4,3,3,1,3,4,3,3,3,24,-9.683333333
27486037-4990-4ad3-89a3-0d7cf6d3e065,Maui,United States,oceania,20.8029568,-156.3106833,Luxury,3,4,5,5,3,4,4,2,4,37,-1.608333333
de902972-e11c-42e8-858a-a3bf3cca5af4,Khiva,Uzbekistan,asia,41.3776893,60.3620006,Budget,5,2,3,1,2,3,2,2,4,24,-11.40833333
d827d6ed-6c6f-4ab0-b964-26a4defeedef,Belize City,Belize,north_america,17.5002768,-88.1988737,Mid-range,3,4,4,3,3,4,3,3,2,24,-4.408333333
e570ec15-1d11-49e6-8a55-1243633a8668,Harare,Zimbabwe,africa,-17.8567035,31.0601584,Budget,3,3,4,1,2,3,2,3,3,25,-3.508333333
60ee6bbb-54f1-495d-b0ce-8f6c4a73f6ab,Ubud,Indonesia,asia,-8.5068977,115.2622931,Budget,4,3,5,2,2,4,5,2,4,35,-4.725
fae2433c-c914-436c-9b12-c733c2974ac8,Punta del Este,Uruguay,south_america,-34.9632342,-54.9439981,Mid-range,3,3,3,5,5,4,3,4,2,35,-6.116666667
9a1ce654-b167-4225-b87a-49d78a91ca0b,Rapa Nui,Chile,south_america,-27.1259317,-109.3495887,Luxury,5,3,4,3,2,3,2,1,5,24,-2.575
6ce8aa84-b119-4e84-aaec-fc4a2471cc9e,Cork,Ireland,europe,51.8985136,-8.4726423,Mid-range,4,3,4,2,3,4,3,3,3,24,-12.825
b6b694b6-df6b-4aa8-be96-478108285fba,Batumi,Georgia,asia,41.6509502,41.6360085,Budget,3,3,4,4,3,4,3,3,2,35,-7.75
d0a7fef1-2591-401c-adb2-50b1a432982f,Vladivostok,Russia,asia,43.1150678,131.8855768,Mid-range,4,3,4,2,3,3,2,3,3,25,-17.20833333
d908e2d3-b5f2-47d7-9cfc-836e69d13fcb,Murmansk,Russia,asia,68.970665,33.07497,Mid-range,3,3,4,1,2,2,2,3,4,25,-21.775
5e7318b5-3cc9-462e-b9df-7c6f7bec1885,Moscow,Russia,asia,55.625578,37.6063916,Mid-range,5,3,2,1,4,4,3,5,2,25,-16.15833333
4bea1fd4-279e-4e2b-a602-f408dbce9017,St Petersburg,Russia,asia,59.9606739,30.1586551,Mid-range,5,2,3,1,4,4,3,5,2,35,-16.175
e10d6c97-8c49-40ca-a97e-231b750532aa,Caye Caulker,Belize,north_america,17.7395148,-88.0336867,Budget,3,4,4,4,3,4,3,2,4,24,-4.408333333
b4e893fc-27d3-47c4-be88-098db36c1cb7,Fort Lauderdale,United States,north_america,26.1223084,-80.1433786,Mid-range,3,3,3,5,4,4,4,4,2,35,-3.183333333
0bd0743b-8e3c-49d4-8024-bd412f9732fa,Abu Dhabi,United Arab Emirates,middle_east,24.4538352,54.3774014,Luxury,4,3,3,4,3,4,4,5,2,25,-6.966666667
88216c54-79d7-4a01-92ed-307521f5e34a,Casablanca,Morocco,africa,33.5945144,-7.6200284,Budget,4,3,2,3,4,4,3,4,2,35,-4.075
06251f82-31e2-46f5-ab7d-63a93b3830eb,Meknes,Morocco,africa,33.8984131,-5.5321582,Budget,4,2,3,1,2,4,3,3,3,24,-6.266666667
8ef45676-53bf-4907-8ea1-b70c49ee8898,Gold Coast,Australia,oceania,-28.0023731,153.4145987,Mid-range,3,4,4,5,4,4,3,4,2,35,-3.241666667
72912524-0a45-40a7-8e75-2f149be0b5e1,Rarotonga,Cook Islands,oceania,-21.2368312,-159.7774744,Mid-range,3,4,5,5,2,3,4,2,5,25,-1.825
7b82951d-8bf9-40b7-8a4f-f7c6c33a7839,Funafuti,Tuvalu,oceania,-8.5199633,179.1982548,Luxury,2,2,3,4,1,2,2,1,5,24,-6.075
495888ba-fda1-4ae8-9643-bf29a4d35783,Playa del Carmen,Mexico,north_america,20.6308643,-87.0779503,Mid-range,3,4,4,5,4,4,4,3,2,35,-4.108333333
f71ebf76-ea24-4dab-b1c6-6cc7db2b1483,Sharm El Sheikh,Egypt,africa,27.8644422,34.295447,Mid-range,3,4,4,5,4,3,4,3,3,35,-6.283333333
6565952d-672a-454a-9ca8-9734f890f4f8,Ayers Rock,Australia,oceania,-25.3455545,131.0369615,Luxury,4,4,5,1,1,2,3,1,5,25,-5.566666667
6eadd02d-f32c-417c-bb80-d060574854dc,Moorea,French Polynesia,oceania,-17.533306,-149.8386006,Luxury,3,4,5,5,2,4,5,2,4,25,-3.533333333
79ef5aa6-228e-4206-b00a-c78d150de33f,Salzburg,Austria,europe,47.7981346,13.0464806,Mid-range,5,3,4,1,3,4,3,3,3,35,-12.45
c0890bb0-1dc1-44ea-aaae-323f7eae6891,Turin,Italy,europe,45.0677551,7.6824892,Mid-range,5,2,3,1,3,4,3,4,2,35,-10.13333333
7f89f78c-acd0-4474-ba0b-f5a3480265f7,Lugano,Switzerland,europe,46.0050102,8.9520281,Luxury,3,3,5,2,3,4,4,3,4,35,-9.85
d1bd5b72-0b5f-4968-98c8-c7433fc121e3,Goa,India,asia,15.3004543,74.0855134,Mid-range,4,4,3,5,5,4,3,3,3,35,-4.583333333
c2007531-2344-4045-bc8e-c7785475829f,Islamabad,Pakistan,asia,33.6938118,73.0651511,Mid-range,4,3,5,1,2,4,3,3,4,35,-6.366666667
f887e88d-fece-4030-904c-244950c2fbcc,Fortaleza,Brazil,south_america,-3.7304512,-38.5217989,Mid-range,3,4,3,5,4,4,3,3,2,35,-4.675
a0ed4dcc-c815-4220-9b1b-c248ca8d7fbb,Antofagasta,Chile,south_america,-23.6463741,-70.3980033,Mid-range,3,3,4,3,2,3,2,3,3,24,-6.15
28ca3ed6-f676-4afa-aee0-6e51a6d14664,Bariloche,Argentina,south_america,-41.1334781,-71.3101474,Mid-range,3,5,5,2,3,4,3,3,4,37,-14.125
b27904ec-af5d-44aa-aa43-0b1a133d65af,Quebec City,Canada,north_america,46.8137431,-71.2084061,Mid-range,5,3,4,2,3,4,3,4,3,35,-16.925
4923888e-b4bc-45ef-a085-8d4d0b63e467,Zion National Park,United States,north_america,37.3247408,-113.0048036,Mid-range,2,5,5,1,1,2,3,1,4,25,-10.775
b2526d16-e196-4310-bfc1-11132b7609c4,Espiritu Santo,Vanuatu,oceania,-15.1563411,167.0510705,Mid-range,3,4,5,5,2,3,3,1,4,25,-3.358333333
613265cd-5dfd-43b3-9488-b02ba5f760bb,Kota Kinabalu,Malaysia,asia,5.9780066,116.0728988,Mid-range,3,4,5,4,3,4,3,3,3,35,-4.833333333
39cf77ac-c2a3-4cb1-ae25-c7cb07c122ea,Lake Tahoe,United States,north_america,39.0885405,-120.0503528,Luxury,2,5,5,3,3,3,4,2,4,35,-15.675
cfa715d4-a4bc-4098-a4a0-4f1908b7d31e,Antalya,Turkey,asia,36.8865728,30.7030242,Mid-range,4,4,4,5,4,4,4,3,3,25,-6.4
12e3b524-020c-47b5-a2ca-cc91986cc068,Cappadocia,Turkey,asia,38.6386753,34.8457712,Mid-range,4,4,5,1,2,4,3,2,4,25,-10.54166667
f12ed1eb-9cc3-4130-857d-d0b44a884a24,Sidi Bou Said,Tunisia,africa,36.8710935,10.3490516,Budget,4,2,3,4,3,4,3,2,4,22,-5.833333333
5901959f-3547-4310-a352-26b7bdc5c648,Tehran,Iran,middle_east,35.6892523,51.3896004,Budget,5,3,3,1,3,4,3,4,2,25,-8.808333333
4c39d806-80b5-4c17-8d65-d669932c6b0a,Byron Bay,Australia,oceania,-28.6483333,153.6177778,Mid-range,3,4,5,5,3,4,5,2,3,35,-3.791666667
0ac79b0b-52e2-4a82-81f8-7037b479abd8,Port Douglas,Australia,oceania,-16.4845983,145.4636294,Luxury,3,4,5,5,2,4,4,2,4,35,-2.45
cfeb4496-538e-484f-9916-e9b72c6ceb5b,Tahiti,French Polynesia,oceania,-17.6873439,-149.4451681,Luxury,3,4,5,5,2,4,5,2,5,24,-3.533333333
7b55c1af-cb3c-4d98-a0f4-1d25b46169f0,Santa Cruz de la Sierra,Bolivia,south_america,-17.7834217,-63.1820853,Budget,3,3,4,1,3,3,3,3,3,35,-3
a9269258-bf5e-4a33-9c09-808b6c94e613,Montego Bay,Jamaica,north_america,18.4724603,-77.9217357,Mid-range,3,4,4,5,4,4,3,3,3,35,-4.533333333
a62cc361-2d5d-4e24-b6f1-92cb764c348b,Acapulco,Mexico,north_america,16.8680495,-99.8940182,Mid-range,3,4,3,4,4,4,3,3,2,35,-5.25
c088e9eb-7dff-40bb-99a9-167f3f1e41c1,Manuel Antonio National Park,Costa Rica,north_america,9.3701476,-84.1520793,Mid-range,2,4,5,5,2,3,3,1,4,24,-1.741666667
443799ea-fcbb-4e6d-93f4-a93b566fabeb,Kuwait City,Kuwait,middle_east,29.3796532,47.9734174,Luxury,3,2,2,3,3,4,3,4,2,35,-9.1
1eff31fe-7c4b-4c44-8903-21af5c9cee6f,Uluru,Australia,oceania,-25.3455545,131.0369615,Luxury,4,4,5,1,1,3,3,1,5,25,-5.566666667
c1faff29-53b8-40cb-bff9-7a61b80ca761,Lautoka,Fiji,oceania,-17.6043956,177.4530138,Mid-range,3,4,4,4,2,3,4,2,4,24,-2.8
62d37ff4-2fe7-478b-80f1-e3295093b971,Nadi,Fiji,oceania,-17.7992725,177.4178549,Mid-range,3,4,5,5,3,3,4,2,4,35,-2.8
19a99c6a-6928-45e1-a301-8641c574de20,Lausanne,Switzerland,europe,46.5218269,6.6327025,Luxury,4,3,4,1,3,4,4,4,3,35,-12.94166667
8a08d8b4-53f9-4662-a275-cf3d38a4bccc,Vilamoura,Portugal,europe,37.0759505,-8.1165401,Mid-range,3,3,4,5,4,4,4,3,3,24,-5.05
1c6eef16-2336-40a1-831c-7f079f7f8699,Cologne,Germany,europe,50.938361,6.959974,Mid-range,4,2,3,1,4,4,3,4,2,35,-10.74166667
b4e07312-dd97-45dd-9ed0-53654f6e5056,Pisa,Italy,europe,43.4714722,10.6797912,Mid-range,4,2,3,2,3,4,3,3,2,35,-8.583333333
eddbf22e-af63-4a95-a7ff-3dd8545f9e2e,Kandy,Sri Lanka,asia,7.2931208,80.6350358,Budget,5,3,4,1,2,4,3,3,3,24,-4.55
cc8ddc39-c410-4a92-aefc-09cfee5dbc79,Yangon,Myanmar,asia,16.7967129,96.1609916,Budget,4,3,3,1,2,4,3,3,2,25,-4.941666667
15583c28-1e8a-46d5-b4c2-342b99cdb091,Lima,Peru,south_america,-12.0621065,-77.0365256,Mid-range,5,3,3,2,4,5,3,4,2,25,-3.366666667
676ac4da-c47a-4027-bc2e-8794a836fcf6,Iguazu Falls,Argentina,south_america,-25.6925324,-54.4411144,Mid-range,3,5,5,1,2,3,3,2,4,24,-2.916666667
40236b15-2f9a-482a-8454-72ebd9dfed1b,Santa Marta,Colombia,south_america,11.2320944,-74.1950916,Budget,4,4,5,4,3,4,3,3,4,35,-6.358333333
61367a40-b3c0-49c2-8f41-7d0b15056f03,Cali,Colombia,south_america,3.4519988,-76.5325259,Budget,4,3,3,2,5,4,3,3,2,35,-0.875
2e1f1b6c-cf05-4393-b747-151592f27e7a,Cancun,Mexico,north_america,21.1527467,-86.8425761,Mid-range,3,4,3,5,5,4,4,3,2,35,-3.558333333
917e3c0b-4f5f-4333-b873-ccd8836da874,San Antonio,United States,north_america,29.4246002,-98.4951405,Mid-range,4,3,3,1,3,4,3,4,2,35,-5.725
87be4d07-b23b-4477-a76e-a6649b328789,Malaga,Spain,europe,36.7213028,-4.4216366,Mid-range,4,3,3,4,4,4,3,4,2,35,-5.491666667
a0200fc5-19ef-4717-9121-04e93ef60ae9,Medellín,Colombia,south_america,6.2697324,-75.6025597,Mid-range,4,4,3,1,4,4,3,4,2,35,-0.658333333
1a386d6a-e1e0-4c8d-b452-ba6851cd56f6,Granada,Spain,europe,37.1734995,-3.5995337,Mid-range,5,3,3,2,4,5,3,4,2,35,-7.983333333
5d00db66-5d2c-450b-be1d-9c9bde506ac0,Linz,Austria,europe,48.3059078,14.286198,Mid-range,4,2,3,1,3,3,3,4,2,24,-11.91666667
ae4f0783-8381-40aa-a59f-21ac90f3ac43,Leipzig,Germany,europe,51.3406321,12.3747329,Mid-range,4,2,3,1,4,4,3,4,2,35,-12.01666667
63063324-d84d-44b2-9329-8f80e881d2db,Hue,Vietnam,asia,16.4639321,107.5863388,Budget,5,3,3,2,2,4,3,3,4,35,-3.983333333
e404bce8-ac29-4a27-bc11-a6e677c79ae9,Braga,Portugal,europe,41.5510583,-8.4280045,Mid-range,4,2,3,2,3,4,3,3,3,24,-8
7cca7133-fa5c-4ef8-bf83-f9a9221130cb,Ha Long,Vietnam,asia,20.9528365,107.0800003,Budget,3,4,5,3,2,4,3,2,4,35,-3.958333333
7501d127-18a5-4b9a-8b57-c171d707d2d8,Manaus,Brazil,south_america,-3.1316333,-59.9825041,Mid-range,4,4,5,2,3,4,3,3,4,37,-4.625
7517208d-21a3-426b-9489-798ff1e26967,San Andrés,Colombia,south_america,12.5375979,-81.7204155,Mid-range,2,4,4,5,3,3,3,2,4,35,-5.208333333
51be0fb4-70bd-42c9-90d2-1f3d18ac005c,Búzios,Brazil,south_america,-22.7597805,-41.8875267,Mid-range,3,4,4,5,4,4,3,2,3,35,-1.658333333
7aed9c1b-6faa-4177-aea9-2c32c6ca34f9,Florianópolis,Brazil,south_america,-27.5973002,-48.5496098,Mid-range,3,4,5,5,4,4,3,4,3,35,-2.85
5407caa2-9db7-4bcb-af71-00b5f8146bf0,San Carlos de Bariloche,Argentina,south_america,-41.1334781,-71.3101474,Mid-range,3,5,5,2,3,4,3,3,4,25,-14.125
2dddf603-1db5-4f2f-a38b-0ca221a2c029,Niagara Falls,Canada,north_america,43.1065603,-79.0639039,Mid-range,3,4,5,2,3,3,3,3,2,35,-12.83333333
dbd636c4-9ea8-484d-8c03-ddd4afbef234,Darwin,Australia,oceania,-12.46044,130.8410469,Mid-range,3,4,4,3,3,3,3,3,3,35,-4.916666667
4275d73f-3ab5-4d42-a0ec-d960af797dbd,Great Barrier Reef,Australia,oceania,-16.35,145.9,Luxury,2,5,5,5,2,3,3,1,4,24,-2.45
87d97654-895c-4b23-91a9-4683b9f17ca3,Amritsar,India,asia,31.6356659,74.8787496,Budget,5,2,3,1,2,5,3,3,2,35,-6.708333333
c6d2af39-1f3d-414e-a3fd-bfb3046ed797,Machu Picchu,Peru,south_america,-13.164422,-72.5450851,Luxury,5,5,5,1,1,3,2,1,4,24,-10.11666667
f8f7bb79-2b58-449d-80db-aec499bb2f24,Antwerp,Belgium,europe,51.2211097,4.3997081,Mid-range,4,2,2,1,4,4,3,4,2,35,-11.25
b896db96-451a-4b69-aa09-60c677573869,Nuremberg,Germany,europe,49.453872,11.077298,Mid-range,4,2,3,1,3,4,3,4,2,24,-12.41666667
9df51067-3c5a-43b1-adad-bcd6778f096c,Funchal,Portugal,europe,32.6496497,-16.9086783,Mid-range,4,3,5,3,3,4,4,3,4,35,-3.075
7a9eddac-e034-48ef-9bfd-6c22872b0b9f,Nuwara Eliya,Sri Lanka,asia,7.012402,80.7571612,Budget,3,3,5,1,2,3,4,2,4,24,-6.783333333
721438aa-e640-4fea-a704-7c336b9e6994,Naypyidaw,Myanmar,asia,19.7753289,96.1032552,Budget,2,2,3,1,1,2,2,2,4,24,-3.708333333
b899c1cb-9a0f-4ee5-bf79-dcb5eef9f5ef,Rosario,Argentina,south_america,-32.9593609,-60.6617024,Mid-range,4,3,3,2,4,4,3,4,2,35,-5.541666667
bf26a0cb-e3b3-4849-89a3-619fff9c5cec,Nazca,Peru,south_america,-14.8277203,-74.9370624,Budget,4,3,3,1,2,3,2,2,4,22,-3.333333333
969d48bd-820e-41da-baef-370028e33139,Los Cabos,Mexico,north_america,21.166121,-100.936442,Mid-range,3,4,4,5,4,4,4,3,3,35,-3.525
25a78dc9-fc62-41fb-95db-b2557dacf493,Charleston,United States,north_america,32.7884363,-79.9399309,Mid-range,4,3,3,3,3,5,3,3,3,35,-5.8
f995d5c0-49d2-495e-890e-c6aa0eda12d6,Cozumel,Mexico,north_america,20.4320599,-86.9206906,Mid-range,3,4,4,5,3,4,3,2,4,35,-4.108333333
9e8b73c7-88c3-44f5-ba9c-9f38389e0a27,Lille,France,europe,50.6365654,3.0635282,Mid-range,4,2,2,1,3,4,3,4,2,24,-11.23333333
f5d28e62-c1af-48f7-b421-abfc658ec04a,Arica,Chile,south_america,-18.4785288,-70.3211394,Budget,3,4,4,4,3,3,3,2,4,24,-3.716666667
46c37e19-a316-4859-af1f-ceeb0405c996,Plitvice Lakes,Croatia,europe,44.8523012,15.590349,Mid-range,2,4,5,1,1,3,3,1,4,35,-10.21666667
be2239a3-3b9f-4d90-bc3a-895bb5bb716c,Taupo,New Zealand,oceania,-38.6866197,176.0694773,Mid-range,3,5,5,2,3,3,4,2,4,35,-10.56666667
44aaa492-d7a7-43bb-a9bf-4f0ecc209def,Yellowstone National Park,United States,north_america,44.6200885,-110.5606893,Mid-range,2,5,5,1,1,2,3,1,5,37,-22.69166667
ba3d2dcb-3018-423f-8ede-9d98932aaf84,Key West,United States,north_america,24.5548262,-81.8020722,Luxury,3,4,4,5,4,4,3,3,3,24,-4.691666667
7896af24-7851-4897-875f-8cc5a6b0db3d,Dunedin,New Zealand,oceania,-45.8740984,170.5035755,Mid-range,4,3,4,3,3,3,3,3,4,24,-12.50833333
9a10528e-3c25-4940-87d2-8128bf30ebf6,Kangaroo Island,Australia,oceania,-35.8182635,137.1566125,Mid-range,3,4,5,4,2,3,3,1,5,25,-7.9
a1214554-4336-4df9-a684-9cf732fa5e4d,Bay of Islands,New Zealand,oceania,-35.2550085,174.1626731,Mid-range,3,4,5,4,2,3,3,2,4,37,-6.525
b5e5c850-d1b7-4e4e-a033-6d3ca99ec5f2,Aarhus,Denmark,europe,56.1496278,10.2134046,Mid-range,4,2,3,3,3,4,3,4,3,24,-13.13333333
698a9015-6471-435f-ba0b-7abe02719fc7,Vancouver Island,Canada,north_america,49.5929495,-125.702557,Mid-range,3,4,5,4,2,3,4,2,4,37,-13.125
91ace5e5-3303-4877-bc9d-7e024b7709f7,Savusavu,Fiji,oceania,-16.7802184,179.3328955,Mid-range,3,4,5,5,2,3,4,2,5,25,-3.675
978b5150-6f7a-49df-948b-6100df026098,Bristol,United Kingdom,europe,51.4538022,-2.5972985,Mid-range,4,3,3,2,4,4,3,4,2,35,-11.65
69490fbc-853e-444e-87e4-b746d4798476,Rovaniemi,Finland,europe,66.5025657,25.73122,Mid-range,3,4,5,1,2,3,3,2,4,35,-20.23333333
b5c30c5f-7fb4-4604-9a99-400be0c251d8,Viña del Mar,Chile,south_america,-33.0244535,-71.5517636,Mid-range,3,3,4,4,4,4,3,4,2,24,-9.241666667
f38b9348-e581-4de5-bafa-1efb5c28e458,Nelson,New Zealand,oceania,-41.2710849,173.2836756,Mid-range,3,4,5,3,2,3,3,3,4,25,-9.183333333
778d28df-a4fa-4328-896e-4a9f80216fda,Maun,Botswana,africa,-19.9860951,23.4224352,Mid-range,3,5,5,1,2,3,3,2,4,25,-3.591666667
44fb18eb-2641-46ab-b3fa-df6870ba3c74,Gothenburg,Sweden,europe,57.7072326,11.9670171,Mid-range,4,3,4,3,3,4,3,4,3,35,-13.825
8c8c7203-2a45-44ba-9fb2-b5158104375e,Manchester,United Kingdom,europe,53.4794892,-2.2451148,Mid-range,4,2,2,1,4,4,3,4,2,35,-12.56666667
ba72b976-10f9-4415-a818-32cf17d8e649,Copenhagen,Denmark,europe,55.6867243,12.5700724,Mid-range,5,2,3,2,4,4,3,5,2,35,-12.775
62caf451-c399-4d64-a770-1efd93a603ef,Sucre,Bolivia,south_america,-19.0477251,-65.2594306,Budget,4,3,3,1,2,3,2,2,4,35,-7.433333333
